epoch,lr-AdamW,step,test/acc,test/f1_macro,test/f1_weighted,test/loss,test/precision,test/recall,train/acc,train/loss_epoch,train/loss_step,val/acc,val/f1_macro,val/f1_weighted,val/loss,val/precision,val/recall
,0.0001,0,,,,,,,,,,,,,,,
0,,9,,,,,,,,,1.3445842266082764,,,,,,
0,,19,,,,,,,,,1.6599435806274414,,,,,,
0,,29,,,,,,,,,1.1551834344863892,,,,,,
0,,39,,,,,,,,,1.1939845085144043,,,,,,
0,,49,,,,,,,,,1.4069900512695312,,,,,,
0,,59,,,,,,,,,1.1546804904937744,,,,,,
0,,69,,,,,,,,,1.1813162565231323,,,,,,
0,,79,,,,,,,,,1.098975658416748,,,,,,
0,,89,,,,,,,,,0.9672141075134277,,,,,,
0,,99,,,,,,,,,1.1726380586624146,,,,,,
0,,109,,,,,,,,,0.9264229536056519,,,,,,
0,,119,,,,,,,,,0.9163838624954224,,,,,,
0,,129,,,,,,,,,0.9862504601478577,,,,,,
0,,139,,,,,,,,,0.844599723815918,,,,,,
0,,149,,,,,,,,,0.8034701943397522,,,,,,
0,,159,,,,,,,,,0.8105181455612183,,,,,,
0,,169,,,,,,,,,1.0152806043624878,,,,,,
0,,179,,,,,,,,,0.824939489364624,,,,,,
0,,189,,,,,,,,,0.8255975842475891,,,,,,
0,,199,,,,,,,,,0.8566620349884033,,,,,,
0,,209,,,,,,,,,0.9638108015060425,,,,,,
0,,219,,,,,,,,,1.1045022010803223,,,,,,
0,,229,,,,,,,,,0.5608800053596497,,,,,,
0,,239,,,,,,,,,0.6707437038421631,,,,,,
0,,249,,,,,,,,,0.7847038507461548,,,,,,
0,,259,,,,,,,,,0.8069647550582886,,,,,,
0,,269,,,,,,,,,0.6782467365264893,,,,,,
0,,279,,,,,,,,,0.5531446933746338,,,,,,
0,,289,,,,,,,,,0.870492696762085,,,,,,
0,,299,,,,,,,,,0.7190566658973694,,,,,,
0,,309,,,,,,,,,0.776147186756134,,,,,,
0,,319,,,,,,,,,0.7644698023796082,,,,,,
0,,329,,,,,,,,,0.7820299863815308,,,,,,
0,,339,,,,,,,,,0.831695020198822,,,,,,
0,,349,,,,,,,,,0.6045772433280945,,,,,,
0,,359,,,,,,,,,0.5532436370849609,,,,,,
0,,369,,,,,,,,,0.6429309844970703,,,,,,
0,,379,,,,,,,,,0.5252142548561096,,,,,,
0,,389,,,,,,,,,0.5536978244781494,,,,,,
0,,395,,,,,,,,,,0.5663604736328125,0.4569850265979767,0.5798550844192505,1.3680195808410645,0.48129338026046753,0.5253071784973145
0,,395,,,,,,,0.6017006039619446,0.8925502300262451,,,,,,,
,9.997557473810373e-05,396,,,,,,,,,,,,,,,
1,,399,,,,,,,,,0.5848861336708069,,,,,,
1,,409,,,,,,,,,0.6071158051490784,,,,,,
1,,419,,,,,,,,,0.5833126306533813,,,,,,
1,,429,,,,,,,,,0.6141740083694458,,,,,,
1,,439,,,,,,,,,0.5680280327796936,,,,,,
1,,449,,,,,,,,,0.533610463142395,,,,,,
1,,459,,,,,,,,,0.5393942594528198,,,,,,
1,,469,,,,,,,,,0.5531915426254272,,,,,,
1,,479,,,,,,,,,0.40357279777526855,,,,,,
1,,489,,,,,,,,,0.5524530410766602,,,,,,
1,,499,,,,,,,,,0.5637750625610352,,,,,,
1,,509,,,,,,,,,0.45344066619873047,,,,,,
1,,519,,,,,,,,,0.46063724160194397,,,,,,
1,,529,,,,,,,,,0.5317599773406982,,,,,,
1,,539,,,,,,,,,0.4548742473125458,,,,,,
1,,549,,,,,,,,,0.4713362455368042,,,,,,
1,,559,,,,,,,,,0.6416777968406677,,,,,,
1,,569,,,,,,,,,0.5528091192245483,,,,,,
1,,579,,,,,,,,,0.5597469806671143,,,,,,
1,,589,,,,,,,,,0.5134567022323608,,,,,,
1,,599,,,,,,,,,0.43237483501434326,,,,,,
1,,609,,,,,,,,,0.571566104888916,,,,,,
1,,619,,,,,,,,,0.4539411664009094,,,,,,
1,,629,,,,,,,,,0.5448437333106995,,,,,,
1,,639,,,,,,,,,0.528445839881897,,,,,,
1,,649,,,,,,,,,0.6623108983039856,,,,,,
1,,659,,,,,,,,,0.4348350167274475,,,,,,
1,,669,,,,,,,,,0.5044167637825012,,,,,,
1,,679,,,,,,,,,0.43335920572280884,,,,,,
1,,689,,,,,,,,,0.4054442048072815,,,,,,
1,,699,,,,,,,,,0.38975924253463745,,,,,,
1,,709,,,,,,,,,0.45623570680618286,,,,,,
1,,719,,,,,,,,,0.4472377300262451,,,,,,
1,,729,,,,,,,,,0.43940532207489014,,,,,,
1,,739,,,,,,,,,0.5761212110519409,,,,,,
1,,749,,,,,,,,,0.42142340540885925,,,,,,
1,,759,,,,,,,,,0.47813689708709717,,,,,,
1,,769,,,,,,,,,0.5200721621513367,,,,,,
1,,779,,,,,,,,,0.45968204736709595,,,,,,
1,,789,,,,,,,,,0.4975821375846863,,,,,,
1,,791,,,,,,,,,,0.6971808671951294,0.5684120059013367,0.7152993679046631,0.9902344346046448,0.5793476700782776,0.6400330662727356
1,,791,,,,,,,0.8147913813591003,0.5227526426315308,,,,,,,
,9.990232305719946e-05,792,,,,,,,,,,,,,,,
2,,799,,,,,,,,,0.5205153226852417,,,,,,
2,,809,,,,,,,,,0.3638800084590912,,,,,,
2,,819,,,,,,,,,0.45363253355026245,,,,,,
2,,829,,,,,,,,,0.43002334237098694,,,,,,
2,,839,,,,,,,,,0.3852584958076477,,,,,,
2,,849,,,,,,,,,0.4071289896965027,,,,,,
2,,859,,,,,,,,,0.3611430525779724,,,,,,
2,,869,,,,,,,,,0.43951550126075745,,,,,,
2,,879,,,,,,,,,0.5116266012191772,,,,,,
2,,889,,,,,,,,,0.45916980504989624,,,,,,
2,,899,,,,,,,,,0.4591708183288574,,,,,,
2,,909,,,,,,,,,0.3689270317554474,,,,,,
2,,919,,,,,,,,,0.41743311285972595,,,,,,
2,,929,,,,,,,,,0.3716866672039032,,,,,,
2,,939,,,,,,,,,0.52435702085495,,,,,,
2,,949,,,,,,,,,0.5165926218032837,,,,,,
2,,959,,,,,,,,,0.6385085582733154,,,,,,
2,,969,,,,,,,,,0.3784750998020172,,,,,,
2,,979,,,,,,,,,0.5766264796257019,,,,,,
2,,989,,,,,,,,,0.4159146249294281,,,,,,
2,,999,,,,,,,,,0.5217373371124268,,,,,,
2,,1009,,,,,,,,,0.4125267267227173,,,,,,
2,,1019,,,,,,,,,0.5169003009796143,,,,,,
2,,1029,,,,,,,,,0.35894134640693665,,,,,,
2,,1039,,,,,,,,,0.38114380836486816,,,,,,
2,,1049,,,,,,,,,0.41341495513916016,,,,,,
2,,1059,,,,,,,,,0.4021638035774231,,,,,,
2,,1069,,,,,,,,,0.3642899692058563,,,,,,
2,,1079,,,,,,,,,0.44355714321136475,,,,,,
2,,1089,,,,,,,,,0.44978323578834534,,,,,,
2,,1099,,,,,,,,,0.3762531578540802,,,,,,
2,,1109,,,,,,,,,0.3426975607872009,,,,,,
2,,1119,,,,,,,,,0.6443513631820679,,,,,,
2,,1129,,,,,,,,,0.39939093589782715,,,,,,
2,,1139,,,,,,,,,0.39262598752975464,,,,,,
2,,1149,,,,,,,,,0.40480512380599976,,,,,,
2,,1159,,,,,,,,,0.35655927658081055,,,,,,
2,,1169,,,,,,,,,0.4337596297264099,,,,,,
2,,1179,,,,,,,,,0.37197452783584595,,,,,,
2,,1187,,,,,,,,,,0.7912575006484985,0.6918139457702637,0.8052735328674316,0.6892441511154175,0.7697852253913879,0.7371994256973267
2,,1187,,,,,,,0.8784259557723999,0.43329697847366333,,,,,,,
,9.978031724785248e-05,1188,,,,,,,,,,,,,,,
3,,1189,,,,,,,,,0.3850727081298828,,,,,,
3,,1199,,,,,,,,,0.43455252051353455,,,,,,
3,,1209,,,,,,,,,0.3711891770362854,,,,,,
3,,1219,,,,,,,,,0.35991615056991577,,,,,,
3,,1229,,,,,,,,,0.3569185733795166,,,,,,
3,,1239,,,,,,,,,0.3888230323791504,,,,,,
3,,1249,,,,,,,,,0.40568292140960693,,,,,,
3,,1259,,,,,,,,,0.35030364990234375,,,,,,
3,,1269,,,,,,,,,0.37506842613220215,,,,,,
3,,1279,,,,,,,,,0.5082111954689026,,,,,,
3,,1289,,,,,,,,,0.3593999743461609,,,,,,
3,,1299,,,,,,,,,0.38597261905670166,,,,,,
3,,1309,,,,,,,,,0.5139729976654053,,,,,,
3,,1319,,,,,,,,,0.3584790825843811,,,,,,
3,,1329,,,,,,,,,0.39590761065483093,,,,,,
3,,1339,,,,,,,,,0.40427976846694946,,,,,,
3,,1349,,,,,,,,,0.4074339270591736,,,,,,
3,,1359,,,,,,,,,0.34450477361679077,,,,,,
3,,1369,,,,,,,,,0.3814074397087097,,,,,,
3,,1379,,,,,,,,,0.36789676547050476,,,,,,
3,,1389,,,,,,,,,0.3222656548023224,,,,,,
3,,1399,,,,,,,,,0.418038547039032,,,,,,
3,,1409,,,,,,,,,0.3334531784057617,,,,,,
3,,1419,,,,,,,,,0.38621824979782104,,,,,,
3,,1429,,,,,,,,,0.38690316677093506,,,,,,
3,,1439,,,,,,,,,0.37659838795661926,,,,,,
3,,1449,,,,,,,,,0.34949934482574463,,,,,,
3,,1459,,,,,,,,,0.4625855088233948,,,,,,
3,,1469,,,,,,,,,0.3419789671897888,,,,,,
3,,1479,,,,,,,,,0.40688556432724,,,,,,
3,,1489,,,,,,,,,0.44290220737457275,,,,,,
3,,1499,,,,,,,,,0.43240272998809814,,,,,,
3,,1509,,,,,,,,,0.4098525047302246,,,,,,
3,,1519,,,,,,,,,0.38476163148880005,,,,,,
3,,1529,,,,,,,,,0.4198911190032959,,,,,,
3,,1539,,,,,,,,,0.5434072017669678,,,,,,
3,,1549,,,,,,,,,0.4186432957649231,,,,,,
3,,1559,,,,,,,,,0.46347519755363464,,,,,,
3,,1569,,,,,,,,,0.3842253088951111,,,,,,
3,,1579,,,,,,,,,0.3695194721221924,,,,,,
3,,1583,,,,,,,,,,0.8561925888061523,0.8051530122756958,0.8638452887535095,0.5304962992668152,0.8166919946670532,0.8301030397415161
3,,1583,,,,,,,0.9113308191299438,0.3918548822402954,,,,,,,
,9.960967771506668e-05,1584,,,,,,,,,,,,,,,
4,,1589,,,,,,,,,0.4324341416358948,,,,,,
4,,1599,,,,,,,,,0.37811917066574097,,,,,,
4,,1609,,,,,,,,,0.4249410629272461,,,,,,
4,,1619,,,,,,,,,0.3524380922317505,,,,,,
4,,1629,,,,,,,,,0.33698493242263794,,,,,,
4,,1639,,,,,,,,,0.36954352259635925,,,,,,
4,,1649,,,,,,,,,0.3893025815486908,,,,,,
4,,1659,,,,,,,,,0.33223482966423035,,,,,,
4,,1669,,,,,,,,,0.3278586268424988,,,,,,
4,,1679,,,,,,,,,0.3502069115638733,,,,,,
4,,1689,,,,,,,,,0.41683509945869446,,,,,,
4,,1699,,,,,,,,,0.3826325833797455,,,,,,
4,,1709,,,,,,,,,0.3953527510166168,,,,,,
4,,1719,,,,,,,,,0.3324323296546936,,,,,,
4,,1729,,,,,,,,,0.4034852385520935,,,,,,
4,,1739,,,,,,,,,0.39189112186431885,,,,,,
4,,1749,,,,,,,,,0.3570359945297241,,,,,,
4,,1759,,,,,,,,,0.3331913352012634,,,,,,
4,,1769,,,,,,,,,0.3471030592918396,,,,,,
4,,1779,,,,,,,,,0.3621028959751129,,,,,,
4,,1789,,,,,,,,,0.3352695107460022,,,,,,
4,,1799,,,,,,,,,0.3967406451702118,,,,,,
4,,1809,,,,,,,,,0.32510054111480713,,,,,,
4,,1819,,,,,,,,,0.32179731130599976,,,,,,
4,,1829,,,,,,,,,0.37670785188674927,,,,,,
4,,1839,,,,,,,,,0.41859278082847595,,,,,,
4,,1849,,,,,,,,,0.382627010345459,,,,,,
4,,1859,,,,,,,,,0.3616899847984314,,,,,,
4,,1869,,,,,,,,,0.4073743224143982,,,,,,
4,,1879,,,,,,,,,0.3496013283729553,,,,,,
4,,1889,,,,,,,,,0.4271417260169983,,,,,,
4,,1899,,,,,,,,,0.3387674391269684,,,,,,
4,,1909,,,,,,,,,0.4644855260848999,,,,,,
4,,1919,,,,,,,,,0.3514701724052429,,,,,,
4,,1929,,,,,,,,,0.34034106135368347,,,,,,
4,,1939,,,,,,,,,0.3649384379386902,,,,,,
4,,1949,,,,,,,,,0.3977610766887665,,,,,,
4,,1959,,,,,,,,,0.35788387060165405,,,,,,
4,,1969,,,,,,,,,0.3555207848548889,,,,,,
4,,1979,,,,,,,,,0.33681604266166687,,,,,,
4,,1979,,,,,,,,,,0.8913525342941284,0.8379613161087036,0.8962637186050415,0.45091333985328674,0.8386107087135315,0.8634297847747803
4,,1979,,,,,,,0.9303935170173645,0.36692023277282715,,,,,,,
,9.939057285945934e-05,1980,,,,,,,,,,,,,,,
5,,1989,,,,,,,,,0.40652215480804443,,,,,,
5,,1999,,,,,,,,,0.3320392966270447,,,,,,
5,,2009,,,,,,,,,0.5076435804367065,,,,,,
5,,2019,,,,,,,,,0.3299834728240967,,,,,,
5,,2029,,,,,,,,,0.3577430248260498,,,,,,
5,,2039,,,,,,,,,0.3001304864883423,,,,,,
5,,2049,,,,,,,,,0.3304007053375244,,,,,,
5,,2059,,,,,,,,,0.30954885482788086,,,,,,
5,,2069,,,,,,,,,0.3205735683441162,,,,,,
5,,2079,,,,,,,,,0.3739333152770996,,,,,,
5,,2089,,,,,,,,,0.4097393751144409,,,,,,
5,,2099,,,,,,,,,0.3130519986152649,,,,,,
5,,2109,,,,,,,,,0.3667462468147278,,,,,,
5,,2119,,,,,,,,,0.33709901571273804,,,,,,
5,,2129,,,,,,,,,0.4099653959274292,,,,,,
5,,2139,,,,,,,,,0.3208690583705902,,,,,,
5,,2149,,,,,,,,,0.3162505030632019,,,,,,
5,,2159,,,,,,,,,0.34623801708221436,,,,,,
5,,2169,,,,,,,,,0.4392329454421997,,,,,,
5,,2179,,,,,,,,,0.32898977398872375,,,,,,
5,,2189,,,,,,,,,0.312296986579895,,,,,,
5,,2199,,,,,,,,,0.3248724639415741,,,,,,
5,,2209,,,,,,,,,0.3574094772338867,,,,,,
5,,2219,,,,,,,,,0.3584240674972534,,,,,,
5,,2229,,,,,,,,,0.3609424829483032,,,,,,
5,,2239,,,,,,,,,0.3916386663913727,,,,,,
5,,2249,,,,,,,,,0.2994565963745117,,,,,,
5,,2259,,,,,,,,,0.31823837757110596,,,,,,
5,,2269,,,,,,,,,0.40824925899505615,,,,,,
5,,2279,,,,,,,,,0.3442361652851105,,,,,,
5,,2289,,,,,,,,,0.33528250455856323,,,,,,
5,,2299,,,,,,,,,0.3365049362182617,,,,,,
5,,2309,,,,,,,,,0.3714056611061096,,,,,,
5,,2319,,,,,,,,,0.3262394666671753,,,,,,
5,,2329,,,,,,,,,0.34598928689956665,,,,,,
5,,2339,,,,,,,,,0.34425055980682373,,,,,,
5,,2349,,,,,,,,,0.3139164447784424,,,,,,
5,,2359,,,,,,,,,0.3589434027671814,,,,,,
5,,2369,,,,,,,,,0.36057281494140625,,,,,,
5,,2375,,,,,,,,,,0.9081406593322754,0.8661430478096008,0.911274790763855,0.4092284142971039,0.8659170866012573,0.8825213313102722
5,,2375,,,,,,,0.939133882522583,0.3550497889518738,,,,,,,
,9.912321891107012e-05,2376,,,,,,,,,,,,,,,
6,,2379,,,,,,,,,0.33378866314888,,,,,,
6,,2389,,,,,,,,,0.3591880202293396,,,,,,
6,,2399,,,,,,,,,0.3924329876899719,,,,,,
6,,2409,,,,,,,,,0.43929383158683777,,,,,,
6,,2419,,,,,,,,,0.34486669301986694,,,,,,
6,,2429,,,,,,,,,0.30266571044921875,,,,,,
6,,2439,,,,,,,,,0.3400372266769409,,,,,,
6,,2449,,,,,,,,,0.3510264754295349,,,,,,
6,,2459,,,,,,,,,0.3128005266189575,,,,,,
6,,2469,,,,,,,,,0.3458643853664398,,,,,,
6,,2479,,,,,,,,,0.29914215207099915,,,,,,
6,,2489,,,,,,,,,0.3552892804145813,,,,,,
6,,2499,,,,,,,,,0.30759134888648987,,,,,,
6,,2509,,,,,,,,,0.33348214626312256,,,,,,
6,,2519,,,,,,,,,0.33274614810943604,,,,,,
6,,2529,,,,,,,,,0.3459579646587372,,,,,,
6,,2539,,,,,,,,,0.3166537284851074,,,,,,
6,,2549,,,,,,,,,0.35022908449172974,,,,,,
6,,2559,,,,,,,,,0.35735630989074707,,,,,,
6,,2569,,,,,,,,,0.326935738325119,,,,,,
6,,2579,,,,,,,,,0.38691383600234985,,,,,,
6,,2589,,,,,,,,,0.3254137635231018,,,,,,
6,,2599,,,,,,,,,0.34187594056129456,,,,,,
6,,2609,,,,,,,,,0.393403559923172,,,,,,
6,,2619,,,,,,,,,0.38134294748306274,,,,,,
6,,2629,,,,,,,,,0.3357852101325989,,,,,,
6,,2639,,,,,,,,,0.38183921575546265,,,,,,
6,,2649,,,,,,,,,0.37328672409057617,,,,,,
6,,2659,,,,,,,,,0.35421222448349,,,,,,
6,,2669,,,,,,,,,0.3640742897987366,,,,,,
6,,2679,,,,,,,,,0.3389189541339874,,,,,,
6,,2689,,,,,,,,,0.32127347588539124,,,,,,
6,,2699,,,,,,,,,0.3591526746749878,,,,,,
6,,2709,,,,,,,,,0.29440534114837646,,,,,,
6,,2719,,,,,,,,,0.31063681840896606,,,,,,
6,,2729,,,,,,,,,0.38207173347473145,,,,,,
6,,2739,,,,,,,,,0.3078850507736206,,,,,,
6,,2749,,,,,,,,,0.39381372928619385,,,,,,
6,,2759,,,,,,,,,0.31665706634521484,,,,,,
6,,2769,,,,,,,,,0.32363855838775635,,,,,,
6,,2771,,,,,,,,,,0.9274627566337585,0.9011959433555603,0.9298071265220642,0.38062289357185364,0.8912870287895203,0.9219857454299927
6,,2771,,,,,,,0.9517105221748352,0.3433886170387268,,,,,,,
,9.880787971596802e-05,2772,,,,,,,,,,,,,,,
7,,2779,,,,,,,,,0.3231505751609802,,,,,,
7,,2789,,,,,,,,,0.31370383501052856,,,,,,
7,,2799,,,,,,,,,0.36606141924858093,,,,,,
7,,2809,,,,,,,,,0.3393899202346802,,,,,,
7,,2819,,,,,,,,,0.3499097228050232,,,,,,
7,,2829,,,,,,,,,0.31920748949050903,,,,,,
7,,2839,,,,,,,,,0.3385736644268036,,,,,,
7,,2849,,,,,,,,,0.3448345363140106,,,,,,
7,,2859,,,,,,,,,0.3004169464111328,,,,,,
7,,2869,,,,,,,,,0.3425193130970001,,,,,,
7,,2879,,,,,,,,,0.3619146943092346,,,,,,
7,,2889,,,,,,,,,0.36509913206100464,,,,,,
7,,2899,,,,,,,,,0.35027939081192017,,,,,,
7,,2909,,,,,,,,,0.3476121425628662,,,,,,
7,,2919,,,,,,,,,0.3469844162464142,,,,,,
7,,2929,,,,,,,,,0.3207871913909912,,,,,,
7,,2939,,,,,,,,,0.3612327575683594,,,,,,
7,,2949,,,,,,,,,0.3137083351612091,,,,,,
7,,2959,,,,,,,,,0.29513007402420044,,,,,,
7,,2969,,,,,,,,,0.31222400069236755,,,,,,
7,,2979,,,,,,,,,0.3466656804084778,,,,,,
7,,2989,,,,,,,,,0.35411351919174194,,,,,,
7,,2999,,,,,,,,,0.3261958360671997,,,,,,
7,,3009,,,,,,,,,0.3632839620113373,,,,,,
7,,3019,,,,,,,,,0.47799283266067505,,,,,,
7,,3029,,,,,,,,,0.34045931696891785,,,,,,
7,,3039,,,,,,,,,0.4033903479576111,,,,,,
7,,3049,,,,,,,,,0.33118271827697754,,,,,,
7,,3059,,,,,,,,,0.309034526348114,,,,,,
7,,3069,,,,,,,,,0.32871684432029724,,,,,,
7,,3079,,,,,,,,,0.3510991334915161,,,,,,
7,,3089,,,,,,,,,0.3032926321029663,,,,,,
7,,3099,,,,,,,,,0.3481152355670929,,,,,,
7,,3109,,,,,,,,,0.3396033048629761,,,,,,
7,,3119,,,,,,,,,0.3173893690109253,,,,,,
7,,3129,,,,,,,,,0.3158385157585144,,,,,,
7,,3139,,,,,,,,,0.35953202843666077,,,,,,
7,,3149,,,,,,,,,0.3046891391277313,,,,,,
7,,3159,,,,,,,,,0.30767524242401123,,,,,,
7,,3167,,,,,,,,,,0.9360151886940002,0.9034024477005005,0.9379565119743347,0.3716140389442444,0.8890360593795776,0.9256017208099365
7,,3167,,,,,,,0.9581570029258728,0.3325125277042389,,,,,,,
,9.844486647586726e-05,3168,,,,,,,,,,,,,,,
8,,3169,,,,,,,,,0.35321199893951416,,,,,,
8,,3179,,,,,,,,,0.2880982756614685,,,,,,
8,,3189,,,,,,,,,0.34941691160202026,,,,,,
8,,3199,,,,,,,,,0.3039607107639313,,,,,,
8,,3209,,,,,,,,,0.32770979404449463,,,,,,
8,,3219,,,,,,,,,0.350232869386673,,,,,,
8,,3229,,,,,,,,,0.3252253532409668,,,,,,
8,,3239,,,,,,,,,0.2868265211582184,,,,,,
8,,3249,,,,,,,,,0.319343626499176,,,,,,
8,,3259,,,,,,,,,0.3936986029148102,,,,,,
8,,3269,,,,,,,,,0.30219709873199463,,,,,,
8,,3279,,,,,,,,,0.33831751346588135,,,,,,
8,,3289,,,,,,,,,0.3099135160446167,,,,,,
8,,3299,,,,,,,,,0.3042592406272888,,,,,,
8,,3309,,,,,,,,,0.32598406076431274,,,,,,
8,,3319,,,,,,,,,0.28671637177467346,,,,,,
8,,3329,,,,,,,,,0.303649365901947,,,,,,
8,,3339,,,,,,,,,0.3575022518634796,,,,,,
8,,3349,,,,,,,,,0.38890397548675537,,,,,,
8,,3359,,,,,,,,,0.3067784905433655,,,,,,
8,,3369,,,,,,,,,0.3189435601234436,,,,,,
8,,3379,,,,,,,,,0.31703051924705505,,,,,,
8,,3389,,,,,,,,,0.3452035188674927,,,,,,
8,,3399,,,,,,,,,0.30285292863845825,,,,,,
8,,3409,,,,,,,,,0.2895224094390869,,,,,,
8,,3419,,,,,,,,,0.28730008006095886,,,,,,
8,,3429,,,,,,,,,0.3323260545730591,,,,,,
8,,3439,,,,,,,,,0.31143081188201904,,,,,,
8,,3449,,,,,,,,,0.31691569089889526,,,,,,
8,,3459,,,,,,,,,0.3301084339618683,,,,,,
8,,3469,,,,,,,,,0.3283511996269226,,,,,,
8,,3479,,,,,,,,,0.3877061605453491,,,,,,
8,,3489,,,,,,,,,0.3195458948612213,,,,,,
8,,3499,,,,,,,,,0.30610859394073486,,,,,,
8,,3509,,,,,,,,,0.3906581997871399,,,,,,
8,,3519,,,,,,,,,0.3369883894920349,,,,,,
8,,3529,,,,,,,,,0.30247628688812256,,,,,,
8,,3539,,,,,,,,,0.3142126798629761,,,,,,
8,,3549,,,,,,,,,0.31886422634124756,,,,,,
8,,3559,,,,,,,,,0.304839164018631,,,,,,
8,,3563,,,,,,,,,,0.9388660192489624,0.9147118926048279,0.940244197845459,0.3605855405330658,0.91081702709198,0.92622971534729
8,,3563,,,,,,,0.9629424810409546,0.32597601413726807,,,,,,,
,9.80345374410087e-05,3564,,,,,,,,,,,,,,,
9,,3569,,,,,,,,,0.2911287546157837,,,,,,
9,,3579,,,,,,,,,0.32448095083236694,,,,,,
9,,3589,,,,,,,,,0.3387640416622162,,,,,,
9,,3599,,,,,,,,,0.32547396421432495,,,,,,
9,,3609,,,,,,,,,0.3123365640640259,,,,,,
9,,3619,,,,,,,,,0.3075679540634155,,,,,,
9,,3629,,,,,,,,,0.35335037112236023,,,,,,
9,,3639,,,,,,,,,0.32434237003326416,,,,,,
9,,3649,,,,,,,,,0.3075523376464844,,,,,,
9,,3659,,,,,,,,,0.31001290678977966,,,,,,
9,,3669,,,,,,,,,0.31201285123825073,,,,,,
9,,3679,,,,,,,,,0.31826484203338623,,,,,,
9,,3689,,,,,,,,,0.32424676418304443,,,,,,
9,,3699,,,,,,,,,0.30058151483535767,,,,,,
9,,3709,,,,,,,,,0.3339487314224243,,,,,,
9,,3719,,,,,,,,,0.3288968801498413,,,,,,
9,,3729,,,,,,,,,0.30456477403640747,,,,,,
9,,3739,,,,,,,,,0.29723793268203735,,,,,,
9,,3749,,,,,,,,,0.3060665726661682,,,,,,
9,,3759,,,,,,,,,0.3096940219402313,,,,,,
9,,3769,,,,,,,,,0.3773946464061737,,,,,,
9,,3779,,,,,,,,,0.3466018736362457,,,,,,
9,,3789,,,,,,,,,0.304681658744812,,,,,,
9,,3799,,,,,,,,,0.3095819056034088,,,,,,
9,,3809,,,,,,,,,0.3266369104385376,,,,,,
9,,3819,,,,,,,,,0.3052726984024048,,,,,,
9,,3829,,,,,,,,,0.36951732635498047,,,,,,
9,,3839,,,,,,,,,0.37043923139572144,,,,,,
9,,3849,,,,,,,,,0.35937821865081787,,,,,,
9,,3859,,,,,,,,,0.30767738819122314,,,,,,
9,,3869,,,,,,,,,0.30494457483291626,,,,,,
9,,3879,,,,,,,,,0.30755680799484253,,,,,,
9,,3889,,,,,,,,,0.32156693935394287,,,,,,
9,,3899,,,,,,,,,0.3145322799682617,,,,,,
9,,3909,,,,,,,,,0.3099415898323059,,,,,,
9,,3919,,,,,,,,,0.3112565279006958,,,,,,
9,,3929,,,,,,,,,0.28405383229255676,,,,,,
9,,3939,,,,,,,,,0.2980338931083679,,,,,,
9,,3949,,,,,,,,,0.3539382815361023,,,,,,
9,,3959,,,,,,,,,0.2796942889690399,,,,,,
9,,3959,,,,,,,,,,0.9410833120346069,0.9226930141448975,0.9422464370727539,0.3585435450077057,0.9130645990371704,0.9379607439041138
9,,3959,,,,,,,0.9666205048561096,0.3220294117927551,,,,,,,
,9.757729755661012e-05,3960,,,,,,,,,,,,,,,
10,,3969,,,,,,,,,0.29989540576934814,,,,,,
10,,3979,,,,,,,,,0.2928604185581207,,,,,,
10,,3989,,,,,,,,,0.31164979934692383,,,,,,
10,,3999,,,,,,,,,0.28405970335006714,,,,,,
10,,4009,,,,,,,,,0.31879255175590515,,,,,,
10,,4019,,,,,,,,,0.3213690519332886,,,,,,
10,,4029,,,,,,,,,0.2863504886627197,,,,,,
10,,4039,,,,,,,,,0.2970138192176819,,,,,,
10,,4049,,,,,,,,,0.31153541803359985,,,,,,
10,,4059,,,,,,,,,0.2942439019680023,,,,,,
10,,4069,,,,,,,,,0.3214716911315918,,,,,,
10,,4079,,,,,,,,,0.32851892709732056,,,,,,
10,,4089,,,,,,,,,0.305959016084671,,,,,,
10,,4099,,,,,,,,,0.31535351276397705,,,,,,
10,,4109,,,,,,,,,0.3063085377216339,,,,,,
10,,4119,,,,,,,,,0.3270258903503418,,,,,,
10,,4129,,,,,,,,,0.3216348886489868,,,,,,
10,,4139,,,,,,,,,0.2908553183078766,,,,,,
10,,4149,,,,,,,,,0.28334975242614746,,,,,,
10,,4159,,,,,,,,,0.3222203254699707,,,,,,
10,,4169,,,,,,,,,0.3136748671531677,,,,,,
10,,4179,,,,,,,,,0.3139103055000305,,,,,,
10,,4189,,,,,,,,,0.35031622648239136,,,,,,
10,,4199,,,,,,,,,0.31293970346450806,,,,,,
10,,4209,,,,,,,,,0.31407395005226135,,,,,,
10,,4219,,,,,,,,,0.3084767758846283,,,,,,
10,,4229,,,,,,,,,0.32534363865852356,,,,,,
10,,4239,,,,,,,,,0.33582526445388794,,,,,,
10,,4249,,,,,,,,,0.4237954914569855,,,,,,
10,,4259,,,,,,,,,0.34110575914382935,,,,,,
10,,4269,,,,,,,,,0.2974807918071747,,,,,,
10,,4279,,,,,,,,,0.3129305839538574,,,,,,
10,,4289,,,,,,,,,0.2958548665046692,,,,,,
10,,4299,,,,,,,,,0.3421814441680908,,,,,,
10,,4309,,,,,,,,,0.32209116220474243,,,,,,
10,,4319,,,,,,,,,0.32038402557373047,,,,,,
10,,4329,,,,,,,,,0.29000309109687805,,,,,,
10,,4339,,,,,,,,,0.2825140655040741,,,,,,
10,,4349,,,,,,,,,0.28321823477745056,,,,,,
10,,4355,,,,,,,,,,0.9502692222595215,0.9248644113540649,0.9511581659317017,0.3528614342212677,0.9176946878433228,0.9360609650611877
10,,4355,,,,,,,0.9680442810058594,0.31880056858062744,,,,,,,
,9.707359806323419e-05,4356,,,,,,,,,,,,,,,
11,,4359,,,,,,,,,0.29552382230758667,,,,,,
11,,4369,,,,,,,,,0.2923329770565033,,,,,,
11,,4379,,,,,,,,,0.36199092864990234,,,,,,
11,,4389,,,,,,,,,0.3265654444694519,,,,,,
11,,4399,,,,,,,,,0.2883557975292206,,,,,,
11,,4409,,,,,,,,,0.3685673475265503,,,,,,
11,,4419,,,,,,,,,0.2913329005241394,,,,,,
11,,4429,,,,,,,,,0.2796240448951721,,,,,,
11,,4439,,,,,,,,,0.28811344504356384,,,,,,
11,,4449,,,,,,,,,0.3072308599948883,,,,,,
11,,4459,,,,,,,,,0.3078087568283081,,,,,,
11,,4469,,,,,,,,,0.3192712962627411,,,,,,
11,,4479,,,,,,,,,0.28966811299324036,,,,,,
11,,4489,,,,,,,,,0.3029557764530182,,,,,,
11,,4499,,,,,,,,,0.33861374855041504,,,,,,
11,,4509,,,,,,,,,0.2901996076107025,,,,,,
11,,4519,,,,,,,,,0.3035701513290405,,,,,,
11,,4529,,,,,,,,,0.3006061315536499,,,,,,
11,,4539,,,,,,,,,0.3087427616119385,,,,,,
11,,4549,,,,,,,,,0.312799334526062,,,,,,
11,,4559,,,,,,,,,0.2890372574329376,,,,,,
11,,4569,,,,,,,,,0.3003562092781067,,,,,,
11,,4579,,,,,,,,,0.2833607494831085,,,,,,
11,,4589,,,,,,,,,0.29369568824768066,,,,,,
11,,4599,,,,,,,,,0.30306142568588257,,,,,,
11,,4609,,,,,,,,,0.3950667381286621,,,,,,
11,,4619,,,,,,,,,0.33962202072143555,,,,,,
11,,4629,,,,,,,,,0.2916374206542969,,,,,,
11,,4639,,,,,,,,,0.3074924051761627,,,,,,
11,,4649,,,,,,,,,0.3023224472999573,,,,,,
11,,4659,,,,,,,,,0.2947234511375427,,,,,,
11,,4669,,,,,,,,,0.2888526916503906,,,,,,
11,,4679,,,,,,,,,0.3198733925819397,,,,,,
11,,4689,,,,,,,,,0.3266412019729614,,,,,,
11,,4699,,,,,,,,,0.32357674837112427,,,,,,
11,,4709,,,,,,,,,0.29589352011680603,,,,,,
11,,4719,,,,,,,,,0.31152328848838806,,,,,,
11,,4729,,,,,,,,,0.2897040545940399,,,,,,
11,,4739,,,,,,,,,0.2983780801296234,,,,,,
11,,4749,,,,,,,,,0.30181992053985596,,,,,,
11,,4751,,,,,,,,,,0.9477351903915405,0.9234023094177246,0.9487603306770325,0.3531612455844879,0.9089155197143555,0.9426307082176208
11,,4751,,,,,,,0.9725528955459595,0.3122698962688446,,,,,,,
,9.652393605146847e-05,4752,,,,,,,,,,,,,,,
12,,4759,,,,,,,,,0.28854694962501526,,,,,,
12,,4769,,,,,,,,,0.3336299657821655,,,,,,
12,,4779,,,,,,,,,0.28306281566619873,,,,,,
12,,4789,,,,,,,,,0.2840825319290161,,,,,,
12,,4799,,,,,,,,,0.28482115268707275,,,,,,
12,,4809,,,,,,,,,0.2880575656890869,,,,,,
12,,4819,,,,,,,,,0.33314192295074463,,,,,,
12,,4829,,,,,,,,,0.30647867918014526,,,,,,
12,,4839,,,,,,,,,0.28846657276153564,,,,,,
12,,4849,,,,,,,,,0.3211653232574463,,,,,,
12,,4859,,,,,,,,,0.3337535858154297,,,,,,
12,,4869,,,,,,,,,0.27978843450546265,,,,,,
12,,4879,,,,,,,,,0.3219245672225952,,,,,,
12,,4889,,,,,,,,,0.30068856477737427,,,,,,
12,,4899,,,,,,,,,0.2968553304672241,,,,,,
12,,4909,,,,,,,,,0.29271528124809265,,,,,,
12,,4919,,,,,,,,,0.2868289649486542,,,,,,
12,,4929,,,,,,,,,0.2913162112236023,,,,,,
12,,4939,,,,,,,,,0.3312520980834961,,,,,,
12,,4949,,,,,,,,,0.2854651212692261,,,,,,
12,,4959,,,,,,,,,0.28193870186805725,,,,,,
12,,4969,,,,,,,,,0.3123459815979004,,,,,,
12,,4979,,,,,,,,,0.31547409296035767,,,,,,
12,,4989,,,,,,,,,0.29671695828437805,,,,,,
12,,4999,,,,,,,,,0.2975251078605652,,,,,,
12,,5009,,,,,,,,,0.300114244222641,,,,,,
12,,5019,,,,,,,,,0.290662944316864,,,,,,
12,,5029,,,,,,,,,0.2820775806903839,,,,,,
12,,5039,,,,,,,,,0.3208376467227936,,,,,,
12,,5049,,,,,,,,,0.28539854288101196,,,,,,
12,,5059,,,,,,,,,0.2888944745063782,,,,,,
12,,5069,,,,,,,,,0.2774115204811096,,,,,,
12,,5079,,,,,,,,,0.30582642555236816,,,,,,
12,,5089,,,,,,,,,0.3148374557495117,,,,,,
12,,5099,,,,,,,,,0.37615761160850525,,,,,,
12,,5109,,,,,,,,,0.3118264079093933,,,,,,
12,,5119,,,,,,,,,0.2822735011577606,,,,,,
12,,5129,,,,,,,,,0.3318566679954529,,,,,,
12,,5139,,,,,,,,,0.3242926597595215,,,,,,
12,,5147,,,,,,,,,,0.9493189454078674,0.9288443326950073,0.9502202272415161,0.3573407828807831,0.9230509996414185,0.9380301833152771
12,,5147,,,,,,,0.9746490120887756,0.30991074442863464,,,,,,,
,9.592885397135708e-05,5148,,,,,,,,,,,,,,,
13,,5149,,,,,,,,,0.3217068612575531,,,,,,
13,,5159,,,,,,,,,0.3013859689235687,,,,,,
13,,5169,,,,,,,,,0.30831441283226013,,,,,,
13,,5179,,,,,,,,,0.34632542729377747,,,,,,
13,,5189,,,,,,,,,0.3399411141872406,,,,,,
13,,5199,,,,,,,,,0.2840956449508667,,,,,,
13,,5209,,,,,,,,,0.30538487434387207,,,,,,
13,,5219,,,,,,,,,0.3124271035194397,,,,,,
13,,5229,,,,,,,,,0.288467139005661,,,,,,
13,,5239,,,,,,,,,0.29361510276794434,,,,,,
13,,5249,,,,,,,,,0.2868156135082245,,,,,,
13,,5259,,,,,,,,,0.29600030183792114,,,,,,
13,,5269,,,,,,,,,0.28935667872428894,,,,,,
13,,5279,,,,,,,,,0.328163743019104,,,,,,
13,,5289,,,,,,,,,0.33273911476135254,,,,,,
13,,5299,,,,,,,,,0.2956951856613159,,,,,,
13,,5309,,,,,,,,,0.297212690114975,,,,,,
13,,5319,,,,,,,,,0.30061212182044983,,,,,,
13,,5329,,,,,,,,,0.3009164333343506,,,,,,
13,,5339,,,,,,,,,0.2873310446739197,,,,,,
13,,5349,,,,,,,,,0.2846926748752594,,,,,,
13,,5359,,,,,,,,,0.28961944580078125,,,,,,
13,,5369,,,,,,,,,0.2939472198486328,,,,,,
13,,5379,,,,,,,,,0.28278204798698425,,,,,,
13,,5389,,,,,,,,,0.3020835816860199,,,,,,
13,,5399,,,,,,,,,0.2991834878921509,,,,,,
13,,5409,,,,,,,,,0.32923346757888794,,,,,,
13,,5419,,,,,,,,,0.2941189408302307,,,,,,
13,,5429,,,,,,,,,0.31448036432266235,,,,,,
13,,5439,,,,,,,,,0.30468177795410156,,,,,,
13,,5449,,,,,,,,,0.28999394178390503,,,,,,
13,,5459,,,,,,,,,0.37109652161598206,,,,,,
13,,5469,,,,,,,,,0.2877855896949768,,,,,,
13,,5479,,,,,,,,,0.29360711574554443,,,,,,
13,,5489,,,,,,,,,0.3063473105430603,,,,,,
13,,5499,,,,,,,,,0.2830873727798462,,,,,,
13,,5509,,,,,,,,,0.3516142964363098,,,,,,
13,,5519,,,,,,,,,0.3260275721549988,,,,,,
13,,5529,,,,,,,,,0.3184390664100647,,,,,,
13,,5539,,,,,,,,,0.3537754416465759,,,,,,
13,,5543,,,,,,,,,,0.9566043615341187,0.9424680471420288,0.9569410085678101,0.3456277549266815,0.9397542476654053,0.9472594857215881
13,,5543,,,,,,,0.9778920412063599,0.3072548508644104,,,,,,,
,9.5288939097068e-05,5544,,,,,,,,,,,,,,,
14,,5549,,,,,,,,,0.29752445220947266,,,,,,
14,,5559,,,,,,,,,0.30748215317726135,,,,,,
14,,5569,,,,,,,,,0.27862441539764404,,,,,,
14,,5579,,,,,,,,,0.2946460247039795,,,,,,
14,,5589,,,,,,,,,0.30541661381721497,,,,,,
14,,5599,,,,,,,,,0.307098925113678,,,,,,
14,,5609,,,,,,,,,0.2828032374382019,,,,,,
14,,5619,,,,,,,,,0.29992184042930603,,,,,,
14,,5629,,,,,,,,,0.29154711961746216,,,,,,
14,,5639,,,,,,,,,0.36124441027641296,,,,,,
14,,5649,,,,,,,,,0.29756420850753784,,,,,,
14,,5659,,,,,,,,,0.30485299229621887,,,,,,
14,,5669,,,,,,,,,0.3309552073478699,,,,,,
14,,5679,,,,,,,,,0.33071139454841614,,,,,,
14,,5689,,,,,,,,,0.31317710876464844,,,,,,
14,,5699,,,,,,,,,0.31082892417907715,,,,,,
14,,5709,,,,,,,,,0.30237773060798645,,,,,,
14,,5719,,,,,,,,,0.35155266523361206,,,,,,
14,,5729,,,,,,,,,0.28224748373031616,,,,,,
14,,5739,,,,,,,,,0.27908337116241455,,,,,,
14,,5749,,,,,,,,,0.27769896388053894,,,,,,
14,,5759,,,,,,,,,0.280142217874527,,,,,,
14,,5769,,,,,,,,,0.31375429034233093,,,,,,
14,,5779,,,,,,,,,0.3162083625793457,,,,,,
14,,5789,,,,,,,,,0.28323209285736084,,,,,,
14,,5799,,,,,,,,,0.3066023886203766,,,,,,
14,,5809,,,,,,,,,0.38293367624282837,,,,,,
14,,5819,,,,,,,,,0.2918934226036072,,,,,,
14,,5829,,,,,,,,,0.2834009528160095,,,,,,
14,,5839,,,,,,,,,0.2793990671634674,,,,,,
14,,5849,,,,,,,,,0.2987661361694336,,,,,,
14,,5859,,,,,,,,,0.3103819489479065,,,,,,
14,,5869,,,,,,,,,0.28602808713912964,,,,,,
14,,5879,,,,,,,,,0.32383638620376587,,,,,,
14,,5889,,,,,,,,,0.28412187099456787,,,,,,
14,,5899,,,,,,,,,0.2908827066421509,,,,,,
14,,5909,,,,,,,,,0.2979956865310669,,,,,,
14,,5919,,,,,,,,,0.31149011850357056,,,,,,
14,,5929,,,,,,,,,0.30015987157821655,,,,,,
14,,5939,,,,,,,,,0.2924019396305084,,,,,,
14,,5939,,,,,,,,,,0.9572378993034363,0.9458491802215576,0.9575785398483276,0.34288740158081055,0.9397194981575012,0.9542959928512573
14,,5939,,,,,,,0.9795926213264465,0.3038335144519806,,,,,,,
,9.460482294732424e-05,5940,,,,,,,,,,,,,,,
15,,5949,,,,,,,,,0.29462528228759766,,,,,,
15,,5959,,,,,,,,,0.30018889904022217,,,,,,
15,,5969,,,,,,,,,0.27707332372665405,,,,,,
15,,5979,,,,,,,,,0.2920101284980774,,,,,,
15,,5989,,,,,,,,,0.32861843705177307,,,,,,
15,,5999,,,,,,,,,0.2807740867137909,,,,,,
15,,6009,,,,,,,,,0.28357312083244324,,,,,,
15,,6019,,,,,,,,,0.2867121994495392,,,,,,
15,,6029,,,,,,,,,0.35500019788742065,,,,,,
15,,6039,,,,,,,,,0.2955594062805176,,,,,,
15,,6049,,,,,,,,,0.28492236137390137,,,,,,
15,,6059,,,,,,,,,0.2785745859146118,,,,,,
15,,6069,,,,,,,,,0.28073251247406006,,,,,,
15,,6079,,,,,,,,,0.30171653628349304,,,,,,
15,,6089,,,,,,,,,0.2794429659843445,,,,,,
15,,6099,,,,,,,,,0.2946687936782837,,,,,,
15,,6109,,,,,,,,,0.36426427960395813,,,,,,
15,,6119,,,,,,,,,0.2880954146385193,,,,,,
15,,6129,,,,,,,,,0.31164056062698364,,,,,,
15,,6139,,,,,,,,,0.3206586539745331,,,,,,
15,,6149,,,,,,,,,0.2802342176437378,,,,,,
15,,6159,,,,,,,,,0.2991982102394104,,,,,,
15,,6169,,,,,,,,,0.2991043031215668,,,,,,
15,,6179,,,,,,,,,0.2983911633491516,,,,,,
15,,6189,,,,,,,,,0.29508650302886963,,,,,,
15,,6199,,,,,,,,,0.29364919662475586,,,,,,
15,,6209,,,,,,,,,0.28455454111099243,,,,,,
15,,6219,,,,,,,,,0.297686368227005,,,,,,
15,,6229,,,,,,,,,0.3466004431247711,,,,,,
15,,6239,,,,,,,,,0.2773711681365967,,,,,,
15,,6249,,,,,,,,,0.30635493993759155,,,,,,
15,,6259,,,,,,,,,0.29199349880218506,,,,,,
15,,6269,,,,,,,,,0.2973259687423706,,,,,,
15,,6279,,,,,,,,,0.2877349257469177,,,,,,
15,,6289,,,,,,,,,0.3105291426181793,,,,,,
15,,6299,,,,,,,,,0.29748988151550293,,,,,,
15,,6309,,,,,,,,,0.29130905866622925,,,,,,
15,,6319,,,,,,,,,0.40965336561203003,,,,,,
15,,6329,,,,,,,,,0.30746689438819885,,,,,,
15,,6335,,,,,,,,,,0.9572378993034363,0.9396088123321533,0.957624077796936,0.3449101448059082,0.9264343976974487,0.9557381868362427
15,,6335,,,,,,,0.9808186888694763,0.3016582131385803,,,,,,,
,9.387718066217127e-05,6336,,,,,,,,,,,,,,,
16,,6339,,,,,,,,,0.28781193494796753,,,,,,
16,,6349,,,,,,,,,0.2801966369152069,,,,,,
16,,6359,,,,,,,,,0.31183546781539917,,,,,,
16,,6369,,,,,,,,,0.28843218088150024,,,,,,
16,,6379,,,,,,,,,0.2917943596839905,,,,,,
16,,6389,,,,,,,,,0.3785526752471924,,,,,,
16,,6399,,,,,,,,,0.29109764099121094,,,,,,
16,,6409,,,,,,,,,0.34949010610580444,,,,,,
16,,6419,,,,,,,,,0.30327096581459045,,,,,,
16,,6429,,,,,,,,,0.27916744351387024,,,,,,
16,,6439,,,,,,,,,0.27868086099624634,,,,,,
16,,6449,,,,,,,,,0.29480695724487305,,,,,,
16,,6459,,,,,,,,,0.3597312569618225,,,,,,
16,,6469,,,,,,,,,0.2914866805076599,,,,,,
16,,6479,,,,,,,,,0.2921302616596222,,,,,,
16,,6489,,,,,,,,,0.2902030944824219,,,,,,
16,,6499,,,,,,,,,0.28326666355133057,,,,,,
16,,6509,,,,,,,,,0.31675949692726135,,,,,,
16,,6519,,,,,,,,,0.29408034682273865,,,,,,
16,,6529,,,,,,,,,0.28370678424835205,,,,,,
16,,6539,,,,,,,,,0.2866113483905792,,,,,,
16,,6549,,,,,,,,,0.3103228807449341,,,,,,
16,,6559,,,,,,,,,0.30711960792541504,,,,,,
16,,6569,,,,,,,,,0.298850417137146,,,,,,
16,,6579,,,,,,,,,0.3152809739112854,,,,,,
16,,6589,,,,,,,,,0.28899651765823364,,,,,,
16,,6599,,,,,,,,,0.2830081880092621,,,,,,
16,,6609,,,,,,,,,0.31265032291412354,,,,,,
16,,6619,,,,,,,,,0.2868443429470062,,,,,,
16,,6629,,,,,,,,,0.29513221979141235,,,,,,
16,,6639,,,,,,,,,0.3080943822860718,,,,,,
16,,6649,,,,,,,,,0.29632580280303955,,,,,,
16,,6659,,,,,,,,,0.2794245481491089,,,,,,
16,,6669,,,,,,,,,0.3087601661682129,,,,,,
16,,6679,,,,,,,,,0.30817991495132446,,,,,,
16,,6689,,,,,,,,,0.28885942697525024,,,,,,
16,,6699,,,,,,,,,0.33739203214645386,,,,,,
16,,6709,,,,,,,,,0.39554083347320557,,,,,,
16,,6719,,,,,,,,,0.28515395522117615,,,,,,
16,,6729,,,,,,,,,0.2980303168296814,,,,,,
16,,6731,,,,,,,,,,0.9556540846824646,0.9309918880462646,0.9559810161590576,0.349603533744812,0.9318250417709351,0.9309722781181335
16,,6731,,,,,,,0.9795135259628296,0.30344605445861816,,,,,,,
,9.310673033669524e-05,6732,,,,,,,,,,,,,,,
17,,6739,,,,,,,,,0.2949932813644409,,,,,,
17,,6749,,,,,,,,,0.3120068609714508,,,,,,
17,,6759,,,,,,,,,0.27983367443084717,,,,,,
17,,6769,,,,,,,,,0.29877763986587524,,,,,,
17,,6779,,,,,,,,,0.30340734124183655,,,,,,
17,,6789,,,,,,,,,0.3006347715854645,,,,,,
17,,6799,,,,,,,,,0.28601977229118347,,,,,,
17,,6809,,,,,,,,,0.2968624234199524,,,,,,
17,,6819,,,,,,,,,0.31544286012649536,,,,,,
17,,6829,,,,,,,,,0.3241432309150696,,,,,,
17,,6839,,,,,,,,,0.2832533121109009,,,,,,
17,,6849,,,,,,,,,0.2815016806125641,,,,,,
17,,6859,,,,,,,,,0.3032342791557312,,,,,,
17,,6869,,,,,,,,,0.28710654377937317,,,,,,
17,,6879,,,,,,,,,0.29750943183898926,,,,,,
17,,6889,,,,,,,,,0.2937855124473572,,,,,,
17,,6899,,,,,,,,,0.29833340644836426,,,,,,
17,,6909,,,,,,,,,0.2799455523490906,,,,,,
17,,6919,,,,,,,,,0.28353947401046753,,,,,,
17,,6929,,,,,,,,,0.32282716035842896,,,,,,
17,,6939,,,,,,,,,0.2978934645652771,,,,,,
17,,6949,,,,,,,,,0.2857629656791687,,,,,,
17,,6959,,,,,,,,,0.2816714644432068,,,,,,
17,,6969,,,,,,,,,0.310247540473938,,,,,,
17,,6979,,,,,,,,,0.2922993302345276,,,,,,
17,,6989,,,,,,,,,0.2855018973350525,,,,,,
17,,6999,,,,,,,,,0.3084579110145569,,,,,,
17,,7009,,,,,,,,,0.2781473398208618,,,,,,
17,,7019,,,,,,,,,0.29002735018730164,,,,,,
17,,7029,,,,,,,,,0.28116798400878906,,,,,,
17,,7039,,,,,,,,,0.2937503755092621,,,,,,
17,,7049,,,,,,,,,0.3000529706478119,,,,,,
17,,7059,,,,,,,,,0.3924937844276428,,,,,,
17,,7069,,,,,,,,,0.31166183948516846,,,,,,
17,,7079,,,,,,,,,0.2817755341529846,,,,,,
17,,7089,,,,,,,,,0.28237980604171753,,,,,,
17,,7099,,,,,,,,,0.2925155758857727,,,,,,
17,,7109,,,,,,,,,0.30641233921051025,,,,,,
17,,7119,,,,,,,,,0.324588805437088,,,,,,
17,,7127,,,,,,,,,,0.9540703296661377,0.9389946460723877,0.9543382525444031,0.3480316698551178,0.9365197420120239,0.9433914422988892
17,,7127,,,,,,,0.9820051193237305,0.3003718852996826,,,,,,,
,9.229423231234978e-05,7128,,,,,,,,,,,,,,,
18,,7129,,,,,,,,,0.2995395064353943,,,,,,
18,,7139,,,,,,,,,0.282086580991745,,,,,,
18,,7149,,,,,,,,,0.3408529460430145,,,,,,
18,,7159,,,,,,,,,0.28410834074020386,,,,,,
18,,7169,,,,,,,,,0.3300831615924835,,,,,,
18,,7179,,,,,,,,,0.2884146571159363,,,,,,
18,,7189,,,,,,,,,0.32792961597442627,,,,,,
18,,7199,,,,,,,,,0.2814485430717468,,,,,,
18,,7209,,,,,,,,,0.31718966364860535,,,,,,
18,,7219,,,,,,,,,0.29840153455734253,,,,,,
18,,7229,,,,,,,,,0.3178323209285736,,,,,,
18,,7239,,,,,,,,,0.27960801124572754,,,,,,
18,,7249,,,,,,,,,0.37769782543182373,,,,,,
18,,7259,,,,,,,,,0.3380550742149353,,,,,,
18,,7269,,,,,,,,,0.2856040596961975,,,,,,
18,,7279,,,,,,,,,0.28456687927246094,,,,,,
18,,7289,,,,,,,,,0.2911890745162964,,,,,,
18,,7299,,,,,,,,,0.2936455011367798,,,,,,
18,,7309,,,,,,,,,0.2954792380332947,,,,,,
18,,7319,,,,,,,,,0.3011942505836487,,,,,,
18,,7329,,,,,,,,,0.2780138850212097,,,,,,
18,,7339,,,,,,,,,0.3132798671722412,,,,,,
18,,7349,,,,,,,,,0.2914828360080719,,,,,,
18,,7359,,,,,,,,,0.2794748842716217,,,,,,
18,,7369,,,,,,,,,0.28323638439178467,,,,,,
18,,7379,,,,,,,,,0.38583725690841675,,,,,,
18,,7389,,,,,,,,,0.2810938060283661,,,,,,
18,,7399,,,,,,,,,0.29034608602523804,,,,,,
18,,7409,,,,,,,,,0.2827017605304718,,,,,,
18,,7419,,,,,,,,,0.3167400658130646,,,,,,
18,,7429,,,,,,,,,0.28747957944869995,,,,,,
18,,7439,,,,,,,,,0.29350727796554565,,,,,,
18,,7449,,,,,,,,,0.3061907887458801,,,,,,
18,,7459,,,,,,,,,0.2860618829727173,,,,,,
18,,7469,,,,,,,,,0.29213467240333557,,,,,,
18,,7479,,,,,,,,,0.28789201378822327,,,,,,
18,,7489,,,,,,,,,0.293651282787323,,,,,,
18,,7499,,,,,,,,,0.31026044487953186,,,,,,
18,,7509,,,,,,,,,0.27897733449935913,,,,,,
18,,7519,,,,,,,,,0.2949708104133606,,,,,,
18,,7523,,,,,,,,,,0.9610389471054077,0.9458390474319458,0.9613146185874939,0.34189775586128235,0.9439043998718262,0.9486491680145264
18,,7523,,,,,,,0.9831916093826294,0.29837238788604736,,,,,,,
,9.144048842659084e-05,7524,,,,,,,,,,,,,,,
19,,7529,,,,,,,,,0.3094971477985382,,,,,,
19,,7539,,,,,,,,,0.3350580334663391,,,,,,
19,,7549,,,,,,,,,0.34430381655693054,,,,,,
19,,7559,,,,,,,,,0.30074217915534973,,,,,,
19,,7569,,,,,,,,,0.27966028451919556,,,,,,
19,,7579,,,,,,,,,0.3566184639930725,,,,,,
19,,7589,,,,,,,,,0.33540505170822144,,,,,,
19,,7599,,,,,,,,,0.28246021270751953,,,,,,
19,,7609,,,,,,,,,0.2913541793823242,,,,,,
19,,7619,,,,,,,,,0.3109496235847473,,,,,,
19,,7629,,,,,,,,,0.287687212228775,,,,,,
19,,7639,,,,,,,,,0.30264055728912354,,,,,,
19,,7649,,,,,,,,,0.3164826035499573,,,,,,
19,,7659,,,,,,,,,0.27981892228126526,,,,,,
19,,7669,,,,,,,,,0.28453773260116577,,,,,,
19,,7679,,,,,,,,,0.28890419006347656,,,,,,
19,,7689,,,,,,,,,0.3165907859802246,,,,,,
19,,7699,,,,,,,,,0.28655534982681274,,,,,,
19,,7709,,,,,,,,,0.2840465009212494,,,,,,
19,,7719,,,,,,,,,0.29408004879951477,,,,,,
19,,7729,,,,,,,,,0.28749269247055054,,,,,,
19,,7739,,,,,,,,,0.29805052280426025,,,,,,
19,,7749,,,,,,,,,0.2768871486186981,,,,,,
19,,7759,,,,,,,,,0.27690863609313965,,,,,,
19,,7769,,,,,,,,,0.29693400859832764,,,,,,
19,,7779,,,,,,,,,0.40282362699508667,,,,,,
19,,7789,,,,,,,,,0.32110488414764404,,,,,,
19,,7799,,,,,,,,,0.3028469383716583,,,,,,
19,,7809,,,,,,,,,0.2781343162059784,,,,,,
19,,7819,,,,,,,,,0.29965975880622864,,,,,,
19,,7829,,,,,,,,,0.2945212125778198,,,,,,
19,,7839,,,,,,,,,0.28211402893066406,,,,,,
19,,7849,,,,,,,,,0.2777516841888428,,,,,,
19,,7859,,,,,,,,,0.27629637718200684,,,,,,
19,,7869,,,,,,,,,0.29657140374183655,,,,,,
19,,7879,,,,,,,,,0.2781718969345093,,,,,,
19,,7889,,,,,,,,,0.2872825264930725,,,,,,
19,,7899,,,,,,,,,0.27851805090904236,,,,,,
19,,7909,,,,,,,,,0.2818503677845001,,,,,,
19,,7919,,,,,,,,,0.27542245388031006,,,,,,
19,,7919,,,,,,,,,,0.9613557457923889,0.9457399249076843,0.9615205526351929,0.34141671657562256,0.9406653642654419,0.9512906670570374
19,,7919,,,,,,,0.9837057590484619,0.29856377840042114,,,,,,,
,9.054634122155993e-05,7920,,,,,,,,,,,,,,,
20,,7929,,,,,,,,,0.31026285886764526,,,,,,
20,,7939,,,,,,,,,0.3075035512447357,,,,,,
20,,7949,,,,,,,,,0.2847830653190613,,,,,,
20,,7959,,,,,,,,,0.3307061195373535,,,,,,
20,,7969,,,,,,,,,0.2774306535720825,,,,,,
20,,7979,,,,,,,,,0.28140318393707275,,,,,,
20,,7989,,,,,,,,,0.28770408034324646,,,,,,
20,,7999,,,,,,,,,0.2868860363960266,,,,,,
20,,8009,,,,,,,,,0.31291916966438293,,,,,,
20,,8019,,,,,,,,,0.2771032452583313,,,,,,
20,,8029,,,,,,,,,0.29166704416275024,,,,,,
20,,8039,,,,,,,,,0.27873289585113525,,,,,,
20,,8049,,,,,,,,,0.3289461135864258,,,,,,
20,,8059,,,,,,,,,0.2804993987083435,,,,,,
20,,8069,,,,,,,,,0.2798585295677185,,,,,,
20,,8079,,,,,,,,,0.2892759442329407,,,,,,
20,,8089,,,,,,,,,0.28055626153945923,,,,,,
20,,8099,,,,,,,,,0.32190293073654175,,,,,,
20,,8109,,,,,,,,,0.3583059012889862,,,,,,
20,,8119,,,,,,,,,0.3006731867790222,,,,,,
20,,8129,,,,,,,,,0.3208523988723755,,,,,,
20,,8139,,,,,,,,,0.3050995171070099,,,,,,
20,,8149,,,,,,,,,0.2908634543418884,,,,,,
20,,8159,,,,,,,,,0.29286956787109375,,,,,,
20,,8169,,,,,,,,,0.32873207330703735,,,,,,
20,,8179,,,,,,,,,0.3259711265563965,,,,,,
20,,8189,,,,,,,,,0.30211836099624634,,,,,,
20,,8199,,,,,,,,,0.29896795749664307,,,,,,
20,,8209,,,,,,,,,0.2760276794433594,,,,,,
20,,8219,,,,,,,,,0.36469024419784546,,,,,,
20,,8229,,,,,,,,,0.29234617948532104,,,,,,
20,,8239,,,,,,,,,0.27788010239601135,,,,,,
20,,8249,,,,,,,,,0.2810388207435608,,,,,,
20,,8259,,,,,,,,,0.28919345140457153,,,,,,
20,,8269,,,,,,,,,0.2784976363182068,,,,,,
20,,8279,,,,,,,,,0.28702670335769653,,,,,,
20,,8289,,,,,,,,,0.2934446334838867,,,,,,
20,,8299,,,,,,,,,0.27560096979141235,,,,,,
20,,8309,,,,,,,,,0.28539538383483887,,,,,,
20,,8315,,,,,,,,,,0.9534367918968201,0.9395366907119751,0.953895628452301,0.34800657629966736,0.9293681383132935,0.9519020915031433
20,,8315,,,,,,,0.9856436848640442,0.2943641245365143,,,,,,,
,8.961267311259669e-05,8316,,,,,,,,,,,,,,,
21,,8319,,,,,,,,,0.2809624671936035,,,,,,
21,,8329,,,,,,,,,0.27959728240966797,,,,,,
21,,8339,,,,,,,,,0.2944125831127167,,,,,,
21,,8349,,,,,,,,,0.32427912950515747,,,,,,
21,,8359,,,,,,,,,0.276086688041687,,,,,,
21,,8369,,,,,,,,,0.31142595410346985,,,,,,
21,,8379,,,,,,,,,0.2838904857635498,,,,,,
21,,8389,,,,,,,,,0.28155839443206787,,,,,,
21,,8399,,,,,,,,,0.2798663079738617,,,,,,
21,,8409,,,,,,,,,0.28372105956077576,,,,,,
21,,8419,,,,,,,,,0.27709057927131653,,,,,,
21,,8429,,,,,,,,,0.2978915572166443,,,,,,
21,,8439,,,,,,,,,0.28340739011764526,,,,,,
21,,8449,,,,,,,,,0.3441255986690521,,,,,,
21,,8459,,,,,,,,,0.29944905638694763,,,,,,
21,,8469,,,,,,,,,0.3362436890602112,,,,,,
21,,8479,,,,,,,,,0.3252975046634674,,,,,,
21,,8489,,,,,,,,,0.27997252345085144,,,,,,
21,,8499,,,,,,,,,0.2802295982837677,,,,,,
21,,8509,,,,,,,,,0.2944892644882202,,,,,,
21,,8519,,,,,,,,,0.29290348291397095,,,,,,
21,,8529,,,,,,,,,0.31281721591949463,,,,,,
21,,8539,,,,,,,,,0.3259020149707794,,,,,,
21,,8549,,,,,,,,,0.32955947518348694,,,,,,
21,,8559,,,,,,,,,0.2852092981338501,,,,,,
21,,8569,,,,,,,,,0.2825276255607605,,,,,,
21,,8579,,,,,,,,,0.32240670919418335,,,,,,
21,,8589,,,,,,,,,0.2879616618156433,,,,,,
21,,8599,,,,,,,,,0.2976771593093872,,,,,,
21,,8609,,,,,,,,,0.2932718098163605,,,,,,
21,,8619,,,,,,,,,0.28452420234680176,,,,,,
21,,8629,,,,,,,,,0.2781341075897217,,,,,,
21,,8639,,,,,,,,,0.27831584215164185,,,,,,
21,,8649,,,,,,,,,0.3122844398021698,,,,,,
21,,8659,,,,,,,,,0.28465795516967773,,,,,,
21,,8669,,,,,,,,,0.28651776909828186,,,,,,
21,,8679,,,,,,,,,0.2919533848762512,,,,,,
21,,8689,,,,,,,,,0.28832852840423584,,,,,,
21,,8699,,,,,,,,,0.3006897270679474,,,,,,
21,,8709,,,,,,,,,0.2790073752403259,,,,,,
21,,8711,,,,,,,,,,0.9566043615341187,0.9429494142532349,0.956893801689148,0.34707218408584595,0.939751148223877,0.9469923973083496
21,,8711,,,,,,,0.9859204888343811,0.2951524555683136,,,,,,,
,8.864040551740159e-05,8712,,,,,,,,,,,,,,,
22,,8719,,,,,,,,,0.3241124153137207,,,,,,
22,,8729,,,,,,,,,0.27599188685417175,,,,,,
22,,8739,,,,,,,,,0.28228771686553955,,,,,,
22,,8749,,,,,,,,,0.3022800087928772,,,,,,
22,,8759,,,,,,,,,0.2788008451461792,,,,,,
22,,8769,,,,,,,,,0.306913822889328,,,,,,
22,,8779,,,,,,,,,0.2888062000274658,,,,,,
22,,8789,,,,,,,,,0.2946975827217102,,,,,,
22,,8799,,,,,,,,,0.2822187542915344,,,,,,
22,,8809,,,,,,,,,0.2958793044090271,,,,,,
22,,8819,,,,,,,,,0.2797367572784424,,,,,,
22,,8829,,,,,,,,,0.301389217376709,,,,,,
22,,8839,,,,,,,,,0.2782899737358093,,,,,,
22,,8849,,,,,,,,,0.2803173065185547,,,,,,
22,,8859,,,,,,,,,0.33070266246795654,,,,,,
22,,8869,,,,,,,,,0.2850666046142578,,,,,,
22,,8879,,,,,,,,,0.3243716359138489,,,,,,
22,,8889,,,,,,,,,0.27820098400115967,,,,,,
22,,8899,,,,,,,,,0.27889513969421387,,,,,,
22,,8909,,,,,,,,,0.27820122241973877,,,,,,
22,,8919,,,,,,,,,0.2807716429233551,,,,,,
22,,8929,,,,,,,,,0.27629873156547546,,,,,,
22,,8939,,,,,,,,,0.2908390760421753,,,,,,
22,,8949,,,,,,,,,0.28349801898002625,,,,,,
22,,8959,,,,,,,,,0.3063909709453583,,,,,,
22,,8969,,,,,,,,,0.2782026529312134,,,,,,
22,,8979,,,,,,,,,0.2801588773727417,,,,,,
22,,8989,,,,,,,,,0.2826870381832123,,,,,,
22,,8999,,,,,,,,,0.28398019075393677,,,,,,
22,,9009,,,,,,,,,0.28689730167388916,,,,,,
22,,9019,,,,,,,,,0.3067982494831085,,,,,,
22,,9029,,,,,,,,,0.29605191946029663,,,,,,
22,,9039,,,,,,,,,0.29445916414260864,,,,,,
22,,9049,,,,,,,,,0.27464747428894043,,,,,,
22,,9059,,,,,,,,,0.2806912660598755,,,,,,
22,,9069,,,,,,,,,0.2973083257675171,,,,,,
22,,9079,,,,,,,,,0.30841901898384094,,,,,,
22,,9089,,,,,,,,,0.27604374289512634,,,,,,
22,,9099,,,,,,,,,0.4380609393119812,,,,,,
22,,9107,,,,,,,,,,0.9588216543197632,0.9438194632530212,0.9589929580688477,0.3477126955986023,0.947115421295166,0.9419010281562805
22,,9107,,,,,,,0.9863951206207275,0.29358744621276855,,,,,,,
,8.763049794670778e-05,9108,,,,,,,,,,,,,,,
23,,9109,,,,,,,,,0.27590757608413696,,,,,,
23,,9119,,,,,,,,,0.279940664768219,,,,,,
23,,9129,,,,,,,,,0.28507906198501587,,,,,,
23,,9139,,,,,,,,,0.2888028919696808,,,,,,
23,,9149,,,,,,,,,0.2841907739639282,,,,,,
23,,9159,,,,,,,,,0.27931126952171326,,,,,,
23,,9169,,,,,,,,,0.2793777585029602,,,,,,
23,,9179,,,,,,,,,0.3012630045413971,,,,,,
23,,9189,,,,,,,,,0.28304508328437805,,,,,,
23,,9199,,,,,,,,,0.2832188010215759,,,,,,
23,,9209,,,,,,,,,0.3370136320590973,,,,,,
23,,9219,,,,,,,,,0.27787521481513977,,,,,,
23,,9229,,,,,,,,,0.27629515528678894,,,,,,
23,,9239,,,,,,,,,0.27663350105285645,,,,,,
23,,9249,,,,,,,,,0.30944398045539856,,,,,,
23,,9259,,,,,,,,,0.2769174873828888,,,,,,
23,,9269,,,,,,,,,0.28215616941452026,,,,,,
23,,9279,,,,,,,,,0.31491896510124207,,,,,,
23,,9289,,,,,,,,,0.28157663345336914,,,,,,
23,,9299,,,,,,,,,0.30345457792282104,,,,,,
23,,9309,,,,,,,,,0.2980027496814728,,,,,,
23,,9319,,,,,,,,,0.28189921379089355,,,,,,
23,,9329,,,,,,,,,0.28058677911758423,,,,,,
23,,9339,,,,,,,,,0.2851194143295288,,,,,,
23,,9349,,,,,,,,,0.3095235824584961,,,,,,
23,,9359,,,,,,,,,0.278484970331192,,,,,,
23,,9369,,,,,,,,,0.3279937505722046,,,,,,
23,,9379,,,,,,,,,0.2790360450744629,,,,,,
23,,9389,,,,,,,,,0.28031155467033386,,,,,,
23,,9399,,,,,,,,,0.3625992238521576,,,,,,
23,,9409,,,,,,,,,0.2902471423149109,,,,,,
23,,9419,,,,,,,,,0.28642553091049194,,,,,,
23,,9429,,,,,,,,,0.29609623551368713,,,,,,
23,,9439,,,,,,,,,0.30940312147140503,,,,,,
23,,9449,,,,,,,,,0.29133784770965576,,,,,,
23,,9459,,,,,,,,,0.2827795147895813,,,,,,
23,,9469,,,,,,,,,0.2874612510204315,,,,,,
23,,9479,,,,,,,,,0.34987080097198486,,,,,,
23,,9489,,,,,,,,,0.28169456124305725,,,,,,
23,,9499,,,,,,,,,0.3465615510940552,,,,,,
23,,9503,,,,,,,,,,0.9616724848747253,0.9466718435287476,0.9618828296661377,0.3473164737224579,0.9453619122505188,0.9490494728088379
23,,9503,,,,,,,0.9846153855323792,0.29525768756866455,,,,,,,
,8.65839470573599e-05,9504,,,,,,,,,,,,,,,
24,,9509,,,,,,,,,0.2825412154197693,,,,,,
24,,9519,,,,,,,,,0.2842819094657898,,,,,,
24,,9529,,,,,,,,,0.3120505213737488,,,,,,
24,,9539,,,,,,,,,0.2956904172897339,,,,,,
24,,9549,,,,,,,,,0.2895236015319824,,,,,,
24,,9559,,,,,,,,,0.2769055962562561,,,,,,
24,,9569,,,,,,,,,0.3379594683647156,,,,,,
24,,9579,,,,,,,,,0.2871100902557373,,,,,,
24,,9589,,,,,,,,,0.31092655658721924,,,,,,
24,,9599,,,,,,,,,0.32735323905944824,,,,,,
24,,9609,,,,,,,,,0.30699533224105835,,,,,,
24,,9619,,,,,,,,,0.27805858850479126,,,,,,
24,,9629,,,,,,,,,0.27778691053390503,,,,,,
24,,9639,,,,,,,,,0.27878808975219727,,,,,,
24,,9649,,,,,,,,,0.2880215346813202,,,,,,
24,,9659,,,,,,,,,0.2904457151889801,,,,,,
24,,9669,,,,,,,,,0.27645862102508545,,,,,,
24,,9679,,,,,,,,,0.2898593544960022,,,,,,
24,,9689,,,,,,,,,0.2832568883895874,,,,,,
24,,9699,,,,,,,,,0.2749345898628235,,,,,,
24,,9709,,,,,,,,,0.32203567028045654,,,,,,
24,,9719,,,,,,,,,0.27706676721572876,,,,,,
24,,9729,,,,,,,,,0.2996615469455719,,,,,,
24,,9739,,,,,,,,,0.2939133048057556,,,,,,
24,,9749,,,,,,,,,0.2955974340438843,,,,,,
24,,9759,,,,,,,,,0.29379135370254517,,,,,,
24,,9769,,,,,,,,,0.2886523902416229,,,,,,
24,,9779,,,,,,,,,0.3108748197555542,,,,,,
24,,9789,,,,,,,,,0.2760618329048157,,,,,,
24,,9799,,,,,,,,,0.27513110637664795,,,,,,
24,,9809,,,,,,,,,0.3394351601600647,,,,,,
24,,9819,,,,,,,,,0.28333044052124023,,,,,,
24,,9829,,,,,,,,,0.2819210886955261,,,,,,
24,,9839,,,,,,,,,0.2793739438056946,,,,,,
24,,9849,,,,,,,,,0.33910825848579407,,,,,,
24,,9859,,,,,,,,,0.3384460508823395,,,,,,
24,,9869,,,,,,,,,0.28967487812042236,,,,,,
24,,9879,,,,,,,,,0.28177952766418457,,,,,,
24,,9889,,,,,,,,,0.28055453300476074,,,,,,
24,,9899,,,,,,,,,0.27670183777809143,,,,,,
24,,9899,,,,,,,,,,0.9604054689407349,0.9447339177131653,0.9605140686035156,0.3477087914943695,0.9436712265014648,0.9462630748748779
24,,9899,,,,,,,0.988214373588562,0.2918896973133087,,,,,,,
,8.550178566873413e-05,9900,,,,,,,,,,,,,,,
25,,9909,,,,,,,,,0.3154195547103882,,,,,,
25,,9919,,,,,,,,,0.2954671084880829,,,,,,
25,,9929,,,,,,,,,0.31982311606407166,,,,,,
25,,9939,,,,,,,,,0.28219908475875854,,,,,,
25,,9949,,,,,,,,,0.27742552757263184,,,,,,
25,,9959,,,,,,,,,0.3991285264492035,,,,,,
25,,9969,,,,,,,,,0.27787715196609497,,,,,,
25,,9979,,,,,,,,,0.2785356640815735,,,,,,
25,,9989,,,,,,,,,0.27631330490112305,,,,,,
25,,9999,,,,,,,,,0.2791626453399658,,,,,,
25,,10009,,,,,,,,,0.2919175624847412,,,,,,
25,,10019,,,,,,,,,0.301827996969223,,,,,,
25,,10029,,,,,,,,,0.30374875664711,,,,,,
25,,10039,,,,,,,,,0.31371989846229553,,,,,,
25,,10049,,,,,,,,,0.2776840031147003,,,,,,
25,,10059,,,,,,,,,0.28994834423065186,,,,,,
25,,10069,,,,,,,,,0.28033673763275146,,,,,,
25,,10079,,,,,,,,,0.2934538722038269,,,,,,
25,,10089,,,,,,,,,0.2827732563018799,,,,,,
25,,10099,,,,,,,,,0.27524957060813904,,,,,,
25,,10109,,,,,,,,,0.28189241886138916,,,,,,
25,,10119,,,,,,,,,0.303265243768692,,,,,,
25,,10129,,,,,,,,,0.3475414514541626,,,,,,
25,,10139,,,,,,,,,0.29227665066719055,,,,,,
25,,10149,,,,,,,,,0.2780163586139679,,,,,,
25,,10159,,,,,,,,,0.32445377111434937,,,,,,
25,,10169,,,,,,,,,0.2805978059768677,,,,,,
25,,10179,,,,,,,,,0.2781389653682709,,,,,,
25,,10189,,,,,,,,,0.27580398321151733,,,,,,
25,,10199,,,,,,,,,0.28336817026138306,,,,,,
25,,10209,,,,,,,,,0.27838796377182007,,,,,,
25,,10219,,,,,,,,,0.2771197557449341,,,,,,
25,,10229,,,,,,,,,0.27623796463012695,,,,,,
25,,10239,,,,,,,,,0.316028892993927,,,,,,
25,,10249,,,,,,,,,0.27764326333999634,,,,,,
25,,10259,,,,,,,,,0.2784285545349121,,,,,,
25,,10269,,,,,,,,,0.27847224473953247,,,,,,
25,,10279,,,,,,,,,0.30830129981040955,,,,,,
25,,10289,,,,,,,,,0.27672484517097473,,,,,,
25,,10295,,,,,,,,,,0.9585049152374268,0.9442868232727051,0.958705484867096,0.3482890725135803,0.9447565078735352,0.9448704719543457
25,,10295,,,,,,,0.9880561828613281,0.2913098633289337,,,,,,,
,8.438508174347012e-05,10296,,,,,,,,,,,,,,,
26,,10299,,,,,,,,,0.28659069538116455,,,,,,
26,,10309,,,,,,,,,0.27947044372558594,,,,,,
26,,10319,,,,,,,,,0.2769376337528229,,,,,,
26,,10329,,,,,,,,,0.27671104669570923,,,,,,
26,,10339,,,,,,,,,0.2915649116039276,,,,,,
26,,10349,,,,,,,,,0.2762208580970764,,,,,,
26,,10359,,,,,,,,,0.29938268661499023,,,,,,
26,,10369,,,,,,,,,0.2816080152988434,,,,,,
26,,10379,,,,,,,,,0.2810734510421753,,,,,,
26,,10389,,,,,,,,,0.2822912335395813,,,,,,
26,,10399,,,,,,,,,0.2914672791957855,,,,,,
26,,10409,,,,,,,,,0.29783302545547485,,,,,,
26,,10419,,,,,,,,,0.3099926710128784,,,,,,
26,,10429,,,,,,,,,0.30218803882598877,,,,,,
26,,10439,,,,,,,,,0.2784767746925354,,,,,,
26,,10449,,,,,,,,,0.27718594670295715,,,,,,
26,,10459,,,,,,,,,0.2883204519748688,,,,,,
26,,10469,,,,,,,,,0.2781117558479309,,,,,,
26,,10479,,,,,,,,,0.2760956883430481,,,,,,
26,,10489,,,,,,,,,0.3003450036048889,,,,,,
26,,10499,,,,,,,,,0.27442145347595215,,,,,,
26,,10509,,,,,,,,,0.28501322865486145,,,,,,
26,,10519,,,,,,,,,0.278171181678772,,,,,,
26,,10529,,,,,,,,,0.2876638174057007,,,,,,
26,,10539,,,,,,,,,0.27634039521217346,,,,,,
26,,10549,,,,,,,,,0.27865880727767944,,,,,,
26,,10559,,,,,,,,,0.28882190585136414,,,,,,
26,,10569,,,,,,,,,0.27934885025024414,,,,,,
26,,10579,,,,,,,,,0.30107688903808594,,,,,,
26,,10589,,,,,,,,,0.2754434049129486,,,,,,
26,,10599,,,,,,,,,0.29956647753715515,,,,,,
26,,10609,,,,,,,,,0.32277029752731323,,,,,,
26,,10619,,,,,,,,,0.28021711111068726,,,,,,
26,,10629,,,,,,,,,0.27502650022506714,,,,,,
26,,10639,,,,,,,,,0.2817753553390503,,,,,,
26,,10649,,,,,,,,,0.3090282380580902,,,,,,
26,,10659,,,,,,,,,0.2799097001552582,,,,,,
26,,10669,,,,,,,,,0.27636146545410156,,,,,,
26,,10679,,,,,,,,,0.28780031204223633,,,,,,
26,,10689,,,,,,,,,0.287645161151886,,,,,,
26,,10691,,,,,,,,,,0.9594551920890808,0.9400691986083984,0.9596327543258667,0.3495912551879883,0.9352750778198242,0.9458833932876587
26,,10691,,,,,,,0.9883725643157959,0.2904362976551056,,,,,,,
,8.32349373335208e-05,10692,,,,,,,,,,,,,,,
27,,10699,,,,,,,,,0.3141563832759857,,,,,,
27,,10709,,,,,,,,,0.2761443853378296,,,,,,
27,,10719,,,,,,,,,0.2796540856361389,,,,,,
27,,10729,,,,,,,,,0.2763252854347229,,,,,,
27,,10739,,,,,,,,,0.2783581018447876,,,,,,
27,,10749,,,,,,,,,0.2745393216609955,,,,,,
27,,10759,,,,,,,,,0.2783961594104767,,,,,,
27,,10769,,,,,,,,,0.28704723715782166,,,,,,
27,,10779,,,,,,,,,0.3105718493461609,,,,,,
27,,10789,,,,,,,,,0.2825391888618469,,,,,,
27,,10799,,,,,,,,,0.29940730333328247,,,,,,
27,,10809,,,,,,,,,0.28096720576286316,,,,,,
27,,10819,,,,,,,,,0.2822932004928589,,,,,,
27,,10829,,,,,,,,,0.2928408980369568,,,,,,
27,,10839,,,,,,,,,0.29778963327407837,,,,,,
27,,10849,,,,,,,,,0.27872389554977417,,,,,,
27,,10859,,,,,,,,,0.27825164794921875,,,,,,
27,,10869,,,,,,,,,0.29532942175865173,,,,,,
27,,10879,,,,,,,,,0.27834898233413696,,,,,,
27,,10889,,,,,,,,,0.28192847967147827,,,,,,
27,,10899,,,,,,,,,0.27617862820625305,,,,,,
27,,10909,,,,,,,,,0.2743234634399414,,,,,,
27,,10919,,,,,,,,,0.29464951157569885,,,,,,
27,,10929,,,,,,,,,0.3076533079147339,,,,,,
27,,10939,,,,,,,,,0.31324732303619385,,,,,,
27,,10949,,,,,,,,,0.30276837944984436,,,,,,
27,,10959,,,,,,,,,0.2788599133491516,,,,,,
27,,10969,,,,,,,,,0.29382428526878357,,,,,,
27,,10979,,,,,,,,,0.28362417221069336,,,,,,
27,,10989,,,,,,,,,0.2909165024757385,,,,,,
27,,10999,,,,,,,,,0.28862035274505615,,,,,,
27,,11009,,,,,,,,,0.29129868745803833,,,,,,
27,,11019,,,,,,,,,0.27485406398773193,,,,,,
27,,11029,,,,,,,,,0.29018110036849976,,,,,,
27,,11039,,,,,,,,,0.3178437352180481,,,,,,
27,,11049,,,,,,,,,0.3179781138896942,,,,,,
27,,11059,,,,,,,,,0.3028031289577484,,,,,,
27,,11069,,,,,,,,,0.2906096577644348,,,,,,
27,,11079,,,,,,,,,0.2811959981918335,,,,,,
27,,11087,,,,,,,,,,0.9597719311714172,0.9456931352615356,0.9600353240966797,0.34832409024238586,0.9449405670166016,0.9474886655807495
27,,11087,,,,,,,0.9899545311927795,0.28799968957901,,,,,,,
,8.205248749256017e-05,11088,,,,,,,,,,,,,,,
28,,11089,,,,,,,,,0.3072991967201233,,,,,,
28,,11099,,,,,,,,,0.277637779712677,,,,,,
28,,11109,,,,,,,,,0.32066184282302856,,,,,,
28,,11119,,,,,,,,,0.2941291928291321,,,,,,
28,,11129,,,,,,,,,0.28104889392852783,,,,,,
28,,11139,,,,,,,,,0.2908666729927063,,,,,,
28,,11149,,,,,,,,,0.2765703797340393,,,,,,
28,,11159,,,,,,,,,0.2786421775817871,,,,,,
28,,11169,,,,,,,,,0.2779565453529358,,,,,,
28,,11179,,,,,,,,,0.2786691188812256,,,,,,
28,,11189,,,,,,,,,0.2854607105255127,,,,,,
28,,11199,,,,,,,,,0.2884964346885681,,,,,,
28,,11209,,,,,,,,,0.27647632360458374,,,,,,
28,,11219,,,,,,,,,0.27631664276123047,,,,,,
28,,11229,,,,,,,,,0.2763424217700958,,,,,,
28,,11239,,,,,,,,,0.2938961982727051,,,,,,
28,,11249,,,,,,,,,0.3104345202445984,,,,,,
28,,11259,,,,,,,,,0.27861860394477844,,,,,,
28,,11269,,,,,,,,,0.2896479368209839,,,,,,
28,,11279,,,,,,,,,0.30227839946746826,,,,,,
28,,11289,,,,,,,,,0.2792283594608307,,,,,,
28,,11299,,,,,,,,,0.29621726274490356,,,,,,
28,,11309,,,,,,,,,0.2884558141231537,,,,,,
28,,11319,,,,,,,,,0.30756065249443054,,,,,,
28,,11329,,,,,,,,,0.2814720869064331,,,,,,
28,,11339,,,,,,,,,0.27899524569511414,,,,,,
28,,11349,,,,,,,,,0.27907857298851013,,,,,,
28,,11359,,,,,,,,,0.307755708694458,,,,,,
28,,11369,,,,,,,,,0.279524564743042,,,,,,
28,,11379,,,,,,,,,0.3153011202812195,,,,,,
28,,11389,,,,,,,,,0.2872241139411926,,,,,,
28,,11399,,,,,,,,,0.2985261082649231,,,,,,
28,,11409,,,,,,,,,0.2807941436767578,,,,,,
28,,11419,,,,,,,,,0.3002348244190216,,,,,,
28,,11429,,,,,,,,,0.27883827686309814,,,,,,
28,,11439,,,,,,,,,0.29704850912094116,,,,,,
28,,11449,,,,,,,,,0.29760462045669556,,,,,,
28,,11459,,,,,,,,,0.34833529591560364,,,,,,
28,,11469,,,,,,,,,0.3211832642555237,,,,,,
28,,11479,,,,,,,,,0.28911763429641724,,,,,,
28,,11483,,,,,,,,,,0.9604054689407349,0.9407986402511597,0.9606410264968872,0.34796538949012756,0.9397003650665283,0.9428097009658813
28,,11483,,,,,,,0.9886889457702637,0.28886404633522034,,,,,,,
,8.083889915582238e-05,11484,,,,,,,,,,,,,,,
29,,11489,,,,,,,,,0.28808605670928955,,,,,,
29,,11499,,,,,,,,,0.27884310483932495,,,,,,
29,,11509,,,,,,,,,0.2770046889781952,,,,,,
29,,11519,,,,,,,,,0.2878987789154053,,,,,,
29,,11529,,,,,,,,,0.2825232148170471,,,,,,
29,,11539,,,,,,,,,0.2839062213897705,,,,,,
29,,11549,,,,,,,,,0.2828177213668823,,,,,,
29,,11559,,,,,,,,,0.2759435176849365,,,,,,
29,,11569,,,,,,,,,0.2754623293876648,,,,,,
29,,11579,,,,,,,,,0.28344231843948364,,,,,,
29,,11589,,,,,,,,,0.28909197449684143,,,,,,
29,,11599,,,,,,,,,0.27637991309165955,,,,,,
29,,11609,,,,,,,,,0.2944960594177246,,,,,,
29,,11619,,,,,,,,,0.2762259244918823,,,,,,
29,,11629,,,,,,,,,0.28394806385040283,,,,,,
29,,11639,,,,,,,,,0.3262205719947815,,,,,,
29,,11649,,,,,,,,,0.28549444675445557,,,,,,
29,,11659,,,,,,,,,0.2815510630607605,,,,,,
29,,11669,,,,,,,,,0.2764603793621063,,,,,,
29,,11679,,,,,,,,,0.27980583906173706,,,,,,
29,,11689,,,,,,,,,0.2760724425315857,,,,,,
29,,11699,,,,,,,,,0.2851828336715698,,,,,,
29,,11709,,,,,,,,,0.2761599123477936,,,,,,
29,,11719,,,,,,,,,0.2800900340080261,,,,,,
29,,11729,,,,,,,,,0.2897340655326843,,,,,,
29,,11739,,,,,,,,,0.28388044238090515,,,,,,
29,,11749,,,,,,,,,0.2847796082496643,,,,,,
29,,11759,,,,,,,,,0.28230956196784973,,,,,,
29,,11769,,,,,,,,,0.27908262610435486,,,,,,
29,,11779,,,,,,,,,0.28040605783462524,,,,,,
29,,11789,,,,,,,,,0.29446083307266235,,,,,,
29,,11799,,,,,,,,,0.28518372774124146,,,,,,
29,,11809,,,,,,,,,0.2787180542945862,,,,,,
29,,11819,,,,,,,,,0.2939158082008362,,,,,,
29,,11829,,,,,,,,,0.314895361661911,,,,,,
29,,11839,,,,,,,,,0.276333212852478,,,,,,
29,,11849,,,,,,,,,0.27998659014701843,,,,,,
29,,11859,,,,,,,,,0.2802448868751526,,,,,,
29,,11869,,,,,,,,,0.3107282519340515,,,,,,
29,,11879,,,,,,,,,0.27084288001060486,,,,,,
29,,11879,,,,,,,,,,0.9604054689407349,0.9427344799041748,0.9605242609977722,0.3568660020828247,0.9434919357299805,0.9424801468849182
29,,11879,,,,,,,0.9903500080108643,0.2879013121128082,,,,,,,
,7.959536998847746e-05,11880,,,,,,,,,,,,,,,
30,,11889,,,,,,,,,0.2849113941192627,,,,,,
30,,11899,,,,,,,,,0.31774091720581055,,,,,,
30,,11909,,,,,,,,,0.30655181407928467,,,,,,
30,,11919,,,,,,,,,0.2835463881492615,,,,,,
30,,11929,,,,,,,,,0.28569281101226807,,,,,,
30,,11939,,,,,,,,,0.2918476164340973,,,,,,
30,,11949,,,,,,,,,0.28630852699279785,,,,,,
30,,11959,,,,,,,,,0.28185245394706726,,,,,,
30,,11969,,,,,,,,,0.28099340200424194,,,,,,
30,,11979,,,,,,,,,0.27874457836151123,,,,,,
30,,11989,,,,,,,,,0.3064943552017212,,,,,,
30,,11999,,,,,,,,,0.2822220027446747,,,,,,
30,,12009,,,,,,,,,0.2802514135837555,,,,,,
30,,12019,,,,,,,,,0.2765991687774658,,,,,,
30,,12029,,,,,,,,,0.28155237436294556,,,,,,
30,,12039,,,,,,,,,0.27625763416290283,,,,,,
30,,12049,,,,,,,,,0.2830601930618286,,,,,,
30,,12059,,,,,,,,,0.27629587054252625,,,,,,
30,,12069,,,,,,,,,0.2745823860168457,,,,,,
30,,12079,,,,,,,,,0.30533483624458313,,,,,,
30,,12089,,,,,,,,,0.2804284393787384,,,,,,
30,,12099,,,,,,,,,0.2804209589958191,,,,,,
30,,12109,,,,,,,,,0.300953209400177,,,,,,
30,,12119,,,,,,,,,0.27794912457466125,,,,,,
30,,12129,,,,,,,,,0.2769154906272888,,,,,,
30,,12139,,,,,,,,,0.2772015631198883,,,,,,
30,,12149,,,,,,,,,0.2883128523826599,,,,,,
30,,12159,,,,,,,,,0.28305941820144653,,,,,,
30,,12169,,,,,,,,,0.28821861743927,,,,,,
30,,12179,,,,,,,,,0.2793545722961426,,,,,,
30,,12189,,,,,,,,,0.28078028559684753,,,,,,
30,,12199,,,,,,,,,0.3301543593406677,,,,,,
30,,12209,,,,,,,,,0.32519465684890747,,,,,,
30,,12219,,,,,,,,,0.2912823557853699,,,,,,
30,,12229,,,,,,,,,0.2761856019496918,,,,,,
30,,12239,,,,,,,,,0.2760682702064514,,,,,,
30,,12249,,,,,,,,,0.2787356674671173,,,,,,
30,,12259,,,,,,,,,0.3113529086112976,,,,,,
30,,12269,,,,,,,,,0.2984544634819031,,,,,,
30,,12275,,,,,,,,,,0.9651567935943604,0.944751501083374,0.9653211832046509,0.3456287980079651,0.9431754350662231,0.9473576545715332
30,,12275,,,,,,,0.989519476890564,0.2887718975543976,,,,,,,
,7.83231272036805e-05,12276,,,,,,,,,,,,,,,
31,,12279,,,,,,,,,0.2862214744091034,,,,,,
31,,12289,,,,,,,,,0.2743104100227356,,,,,,
31,,12299,,,,,,,,,0.27507078647613525,,,,,,
31,,12309,,,,,,,,,0.27687734365463257,,,,,,
31,,12319,,,,,,,,,0.2979004383087158,,,,,,
31,,12329,,,,,,,,,0.29011109471321106,,,,,,
31,,12339,,,,,,,,,0.27772092819213867,,,,,,
31,,12349,,,,,,,,,0.30273890495300293,,,,,,
31,,12359,,,,,,,,,0.2852066457271576,,,,,,
31,,12369,,,,,,,,,0.3217480778694153,,,,,,
31,,12379,,,,,,,,,0.2827184796333313,,,,,,
31,,12389,,,,,,,,,0.27629733085632324,,,,,,
31,,12399,,,,,,,,,0.2828983664512634,,,,,,
31,,12409,,,,,,,,,0.31545981764793396,,,,,,
31,,12419,,,,,,,,,0.2766589820384979,,,,,,
31,,12429,,,,,,,,,0.29168450832366943,,,,,,
31,,12439,,,,,,,,,0.28539982438087463,,,,,,
31,,12449,,,,,,,,,0.276262491941452,,,,,,
31,,12459,,,,,,,,,0.2876560091972351,,,,,,
31,,12469,,,,,,,,,0.28289252519607544,,,,,,
31,,12479,,,,,,,,,0.2772720754146576,,,,,,
31,,12489,,,,,,,,,0.274186909198761,,,,,,
31,,12499,,,,,,,,,0.276610404253006,,,,,,
31,,12509,,,,,,,,,0.2779264450073242,,,,,,
31,,12519,,,,,,,,,0.29758119583129883,,,,,,
31,,12529,,,,,,,,,0.27626940608024597,,,,,,
31,,12539,,,,,,,,,0.27783310413360596,,,,,,
31,,12549,,,,,,,,,0.27651292085647583,,,,,,
31,,12559,,,,,,,,,0.28554195165634155,,,,,,
31,,12569,,,,,,,,,0.28338679671287537,,,,,,
31,,12579,,,,,,,,,0.27597105503082275,,,,,,
31,,12589,,,,,,,,,0.275531530380249,,,,,,
31,,12599,,,,,,,,,0.28752070665359497,,,,,,
31,,12609,,,,,,,,,0.28846508264541626,,,,,,
31,,12619,,,,,,,,,0.33494043350219727,,,,,,
31,,12629,,,,,,,,,0.2749776840209961,,,,,,
31,,12639,,,,,,,,,0.28358253836631775,,,,,,
31,,12649,,,,,,,,,0.3369094729423523,,,,,,
31,,12659,,,,,,,,,0.27534219622612,,,,,,
31,,12669,,,,,,,,,0.30132487416267395,,,,,,
31,,12671,,,,,,,,,,0.9597719311714172,0.9425355195999146,0.9599236845970154,0.34596002101898193,0.9453774690628052,0.941620945930481
31,,12671,,,,,,,0.9891240000724792,0.288923978805542,,,,,,,
,7.702342635146036e-05,12672,,,,,,,,,,,,,,,
32,,12679,,,,,,,,,0.27922725677490234,,,,,,
32,,12689,,,,,,,,,0.3107244074344635,,,,,,
32,,12699,,,,,,,,,0.27587056159973145,,,,,,
32,,12709,,,,,,,,,0.27604568004608154,,,,,,
32,,12719,,,,,,,,,0.28353720903396606,,,,,,
32,,12729,,,,,,,,,0.2778288424015045,,,,,,
32,,12739,,,,,,,,,0.28643593192100525,,,,,,
32,,12749,,,,,,,,,0.2785474956035614,,,,,,
32,,12759,,,,,,,,,0.2742782235145569,,,,,,
32,,12769,,,,,,,,,0.27514541149139404,,,,,,
32,,12779,,,,,,,,,0.2754822373390198,,,,,,
32,,12789,,,,,,,,,0.273631751537323,,,,,,
32,,12799,,,,,,,,,0.2972823679447174,,,,,,
32,,12809,,,,,,,,,0.2768250107765198,,,,,,
32,,12819,,,,,,,,,0.3021335005760193,,,,,,
32,,12829,,,,,,,,,0.27632850408554077,,,,,,
32,,12839,,,,,,,,,0.2822094261646271,,,,,,
32,,12849,,,,,,,,,0.27703768014907837,,,,,,
32,,12859,,,,,,,,,0.29344919323921204,,,,,,
32,,12869,,,,,,,,,0.2768133878707886,,,,,,
32,,12879,,,,,,,,,0.27563929557800293,,,,,,
32,,12889,,,,,,,,,0.2772732973098755,,,,,,
32,,12899,,,,,,,,,0.27639538049697876,,,,,,
32,,12909,,,,,,,,,0.2786886394023895,,,,,,
32,,12919,,,,,,,,,0.30223771929740906,,,,,,
32,,12929,,,,,,,,,0.3262755274772644,,,,,,
32,,12939,,,,,,,,,0.27349841594696045,,,,,,
32,,12949,,,,,,,,,0.31531161069869995,,,,,,
32,,12959,,,,,,,,,0.28658637404441833,,,,,,
32,,12969,,,,,,,,,0.2966318726539612,,,,,,
32,,12979,,,,,,,,,0.31123924255371094,,,,,,
32,,12989,,,,,,,,,0.2772197127342224,,,,,,
32,,12999,,,,,,,,,0.28426864743232727,,,,,,
32,,13009,,,,,,,,,0.27326053380966187,,,,,,
32,,13019,,,,,,,,,0.3007240295410156,,,,,,
32,,13029,,,,,,,,,0.2949433922767639,,,,,,
32,,13039,,,,,,,,,0.27577224373817444,,,,,,
32,,13049,,,,,,,,,0.2777250409126282,,,,,,
32,,13059,,,,,,,,,0.28737226128578186,,,,,,
32,,13067,,,,,,,,,,0.965790331363678,0.9537262916564941,0.965904712677002,0.33937615156173706,0.9586837291717529,0.9499534368515015
32,,13067,,,,,,,0.9899545311927795,0.2886722683906555,,,,,,,
,7.56975500796434e-05,13068,,,,,,,,,,,,,,,
33,,13069,,,,,,,,,0.28771674633026123,,,,,,
33,,13079,,,,,,,,,0.3216016888618469,,,,,,
33,,13089,,,,,,,,,0.283691942691803,,,,,,
33,,13099,,,,,,,,,0.2753661274909973,,,,,,
33,,13109,,,,,,,,,0.27632129192352295,,,,,,
33,,13119,,,,,,,,,0.28881755471229553,,,,,,
33,,13129,,,,,,,,,0.2743077278137207,,,,,,
33,,13139,,,,,,,,,0.2758792042732239,,,,,,
33,,13149,,,,,,,,,0.2753152847290039,,,,,,
33,,13159,,,,,,,,,0.2765936255455017,,,,,,
33,,13169,,,,,,,,,0.2998180389404297,,,,,,
33,,13179,,,,,,,,,0.2823437750339508,,,,,,
33,,13189,,,,,,,,,0.27599430084228516,,,,,,
33,,13199,,,,,,,,,0.2948344647884369,,,,,,
33,,13209,,,,,,,,,0.27622970938682556,,,,,,
33,,13219,,,,,,,,,0.27614477276802063,,,,,,
33,,13229,,,,,,,,,0.32090336084365845,,,,,,
33,,13239,,,,,,,,,0.2742972671985626,,,,,,
33,,13249,,,,,,,,,0.2795480787754059,,,,,,
33,,13259,,,,,,,,,0.29100117087364197,,,,,,
33,,13269,,,,,,,,,0.27542126178741455,,,,,,
33,,13279,,,,,,,,,0.33861666917800903,,,,,,
33,,13289,,,,,,,,,0.27727824449539185,,,,,,
33,,13299,,,,,,,,,0.3000301122665405,,,,,,
33,,13309,,,,,,,,,0.2766287326812744,,,,,,
33,,13319,,,,,,,,,0.2752947211265564,,,,,,
33,,13329,,,,,,,,,0.2854211926460266,,,,,,
33,,13339,,,,,,,,,0.2762870788574219,,,,,,
33,,13349,,,,,,,,,0.28351765871047974,,,,,,
33,,13359,,,,,,,,,0.27921298146247864,,,,,,
33,,13369,,,,,,,,,0.2774693965911865,,,,,,
33,,13379,,,,,,,,,0.2773042619228363,,,,,,
33,,13389,,,,,,,,,0.32803988456726074,,,,,,
33,,13399,,,,,,,,,0.27534937858581543,,,,,,
33,,13409,,,,,,,,,0.2838709354400635,,,,,,
33,,13419,,,,,,,,,0.2893407940864563,,,,,,
33,,13429,,,,,,,,,0.31616538763046265,,,,,,
33,,13439,,,,,,,,,0.2773634195327759,,,,,,
33,,13449,,,,,,,,,0.3132210671901703,,,,,,
33,,13459,,,,,,,,,0.3200206160545349,,,,,,
33,,13463,,,,,,,,,,0.9638897776603699,0.9511197805404663,0.9639570713043213,0.3410876393318176,0.9505691528320312,0.9520760774612427
33,,13463,,,,,,,0.9911410212516785,0.2871468961238861,,,,,,,
,7.434680686803493e-05,13464,,,,,,,,,,,,,,,
34,,13469,,,,,,,,,0.27636510133743286,,,,,,
34,,13479,,,,,,,,,0.3376021981239319,,,,,,
34,,13489,,,,,,,,,0.281752347946167,,,,,,
34,,13499,,,,,,,,,0.27486976981163025,,,,,,
34,,13509,,,,,,,,,0.2799934148788452,,,,,,
34,,13519,,,,,,,,,0.27611398696899414,,,,,,
34,,13529,,,,,,,,,0.27354496717453003,,,,,,
34,,13539,,,,,,,,,0.2768685817718506,,,,,,
34,,13549,,,,,,,,,0.2748451232910156,,,,,,
34,,13559,,,,,,,,,0.2945190668106079,,,,,,
34,,13569,,,,,,,,,0.3792731761932373,,,,,,
34,,13579,,,,,,,,,0.3094072639942169,,,,,,
34,,13589,,,,,,,,,0.2801973819732666,,,,,,
34,,13599,,,,,,,,,0.28375017642974854,,,,,,
34,,13609,,,,,,,,,0.2808503806591034,,,,,,
34,,13619,,,,,,,,,0.27964258193969727,,,,,,
34,,13629,,,,,,,,,0.27577367424964905,,,,,,
34,,13639,,,,,,,,,0.28006911277770996,,,,,,
34,,13649,,,,,,,,,0.3224865198135376,,,,,,
34,,13659,,,,,,,,,0.2768762409687042,,,,,,
34,,13669,,,,,,,,,0.276344895362854,,,,,,
34,,13679,,,,,,,,,0.27764788269996643,,,,,,
34,,13689,,,,,,,,,0.27983149886131287,,,,,,
34,,13699,,,,,,,,,0.27524787187576294,,,,,,
34,,13709,,,,,,,,,0.2763712406158447,,,,,,
34,,13719,,,,,,,,,0.2771851718425751,,,,,,
34,,13729,,,,,,,,,0.3029389977455139,,,,,,
34,,13739,,,,,,,,,0.27644357085227966,,,,,,
34,,13749,,,,,,,,,0.27576935291290283,,,,,,
34,,13759,,,,,,,,,0.27817291021347046,,,,,,
34,,13769,,,,,,,,,0.2746897339820862,,,,,,
34,,13779,,,,,,,,,0.28082889318466187,,,,,,
34,,13789,,,,,,,,,0.28142842650413513,,,,,,
34,,13799,,,,,,,,,0.3003065586090088,,,,,,
34,,13809,,,,,,,,,0.27782896161079407,,,,,,
34,,13819,,,,,,,,,0.28660187125205994,,,,,,
34,,13829,,,,,,,,,0.2811053991317749,,,,,,
34,,13839,,,,,,,,,0.28842079639434814,,,,,,
34,,13849,,,,,,,,,0.30187392234802246,,,,,,
34,,13859,,,,,,,,,0.28153759241104126,,,,,,
34,,13859,,,,,,,,,,0.9654735326766968,0.9470949769020081,0.965624213218689,0.3444790244102478,0.9511482119560242,0.943772554397583
34,,13859,,,,,,,0.9919319748878479,0.285273939371109,,,,,,,
,7.297252973710759e-05,13860,,,,,,,,,,,,,,,
35,,13869,,,,,,,,,0.28183692693710327,,,,,,
35,,13879,,,,,,,,,0.2757715582847595,,,,,,
35,,13889,,,,,,,,,0.2878130078315735,,,,,,
35,,13899,,,,,,,,,0.27745383977890015,,,,,,
35,,13909,,,,,,,,,0.3051547706127167,,,,,,
35,,13919,,,,,,,,,0.3026237487792969,,,,,,
35,,13929,,,,,,,,,0.2789466679096222,,,,,,
35,,13939,,,,,,,,,0.2774788439273834,,,,,,
35,,13949,,,,,,,,,0.2793115973472595,,,,,,
35,,13959,,,,,,,,,0.2897500991821289,,,,,,
35,,13969,,,,,,,,,0.33193641901016235,,,,,,
35,,13979,,,,,,,,,0.2780151963233948,,,,,,
35,,13989,,,,,,,,,0.27665671706199646,,,,,,
35,,13999,,,,,,,,,0.40803903341293335,,,,,,
35,,14009,,,,,,,,,0.29530155658721924,,,,,,
35,,14019,,,,,,,,,0.2746940851211548,,,,,,
35,,14029,,,,,,,,,0.2755483090877533,,,,,,
35,,14039,,,,,,,,,0.27602115273475647,,,,,,
35,,14049,,,,,,,,,0.2805052399635315,,,,,,
35,,14059,,,,,,,,,0.27694258093833923,,,,,,
35,,14069,,,,,,,,,0.2946086525917053,,,,,,
35,,14079,,,,,,,,,0.27902838587760925,,,,,,
35,,14089,,,,,,,,,0.27670353651046753,,,,,,
35,,14099,,,,,,,,,0.27585119009017944,,,,,,
35,,14109,,,,,,,,,0.28917795419692993,,,,,,
35,,14119,,,,,,,,,0.27660736441612244,,,,,,
35,,14129,,,,,,,,,0.27637073397636414,,,,,,
35,,14139,,,,,,,,,0.2804613411426544,,,,,,
35,,14149,,,,,,,,,0.2733999490737915,,,,,,
35,,14159,,,,,,,,,0.2762067914009094,,,,,,
35,,14169,,,,,,,,,0.2786847949028015,,,,,,
35,,14179,,,,,,,,,0.28993260860443115,,,,,,
35,,14189,,,,,,,,,0.27759772539138794,,,,,,
35,,14199,,,,,,,,,0.2745392322540283,,,,,,
35,,14209,,,,,,,,,0.2900729179382324,,,,,,
35,,14219,,,,,,,,,0.2776416540145874,,,,,,
35,,14229,,,,,,,,,0.27835872769355774,,,,,,
35,,14239,,,,,,,,,0.2773539423942566,,,,,,
35,,14249,,,,,,,,,0.27508437633514404,,,,,,
35,,14255,,,,,,,,,,0.9632562398910522,0.9439876675605774,0.9632689952850342,0.3528284430503845,0.9548529386520386,0.9353726506233215
35,,14255,,,,,,,0.9921297430992126,0.2852955460548401,,,,,,,
,7.157607493247112e-05,14256,,,,,,,,,,,,,,,
36,,14259,,,,,,,,,0.27494144439697266,,,,,,
36,,14269,,,,,,,,,0.2885153889656067,,,,,,
36,,14279,,,,,,,,,0.27503830194473267,,,,,,
36,,14289,,,,,,,,,0.276769757270813,,,,,,
36,,14299,,,,,,,,,0.27750304341316223,,,,,,
36,,14309,,,,,,,,,0.2745968699455261,,,,,,
36,,14319,,,,,,,,,0.2793160080909729,,,,,,
36,,14329,,,,,,,,,0.2789043188095093,,,,,,
36,,14339,,,,,,,,,0.2749044895172119,,,,,,
36,,14349,,,,,,,,,0.28114598989486694,,,,,,
36,,14359,,,,,,,,,0.279481440782547,,,,,,
36,,14369,,,,,,,,,0.274960994720459,,,,,,
36,,14379,,,,,,,,,0.2765888571739197,,,,,,
36,,14389,,,,,,,,,0.2754644453525543,,,,,,
36,,14399,,,,,,,,,0.27719736099243164,,,,,,
36,,14409,,,,,,,,,0.2815907597541809,,,,,,
36,,14419,,,,,,,,,0.2740939259529114,,,,,,
36,,14429,,,,,,,,,0.27869972586631775,,,,,,
36,,14439,,,,,,,,,0.2748605012893677,,,,,,
36,,14449,,,,,,,,,0.27562013268470764,,,,,,
36,,14459,,,,,,,,,0.3185606896877289,,,,,,
36,,14469,,,,,,,,,0.2786528170108795,,,,,,
36,,14479,,,,,,,,,0.2762739360332489,,,,,,
36,,14489,,,,,,,,,0.27523404359817505,,,,,,
36,,14499,,,,,,,,,0.2771261930465698,,,,,,
36,,14509,,,,,,,,,0.2779877185821533,,,,,,
36,,14519,,,,,,,,,0.292743980884552,,,,,,
36,,14529,,,,,,,,,0.27653172612190247,,,,,,
36,,14539,,,,,,,,,0.2880319356918335,,,,,,
36,,14549,,,,,,,,,0.2759098410606384,,,,,,
36,,14559,,,,,,,,,0.28185486793518066,,,,,,
36,,14569,,,,,,,,,0.28276973962783813,,,,,,
36,,14579,,,,,,,,,0.37765151262283325,,,,,,
36,,14589,,,,,,,,,0.27521759271621704,,,,,,
36,,14599,,,,,,,,,0.3034249246120453,,,,,,
36,,14609,,,,,,,,,0.2780449390411377,,,,,,
36,,14619,,,,,,,,,0.2760353684425354,,,,,,
36,,14629,,,,,,,,,0.2837292551994324,,,,,,
36,,14639,,,,,,,,,0.2789319157600403,,,,,,
36,,14649,,,,,,,,,0.2748558819293976,,,,,,
36,,14651,,,,,,,,,,0.9623059630393982,0.9458664059638977,0.9624717235565186,0.3400280773639679,0.9477053880691528,0.9456239938735962
36,,14651,,,,,,,0.9927625060081482,0.2840251922607422,,,,,,,
,7.015882058642166e-05,14652,,,,,,,,,,,,,,,
37,,14659,,,,,,,,,0.28992193937301636,,,,,,
37,,14669,,,,,,,,,0.27736926078796387,,,,,,
37,,14679,,,,,,,,,0.27650919556617737,,,,,,
37,,14689,,,,,,,,,0.28442639112472534,,,,,,
37,,14699,,,,,,,,,0.27558329701423645,,,,,,
37,,14709,,,,,,,,,0.2770047187805176,,,,,,
37,,14719,,,,,,,,,0.3494698703289032,,,,,,
37,,14729,,,,,,,,,0.3263309895992279,,,,,,
37,,14739,,,,,,,,,0.2767939269542694,,,,,,
37,,14749,,,,,,,,,0.29048383235931396,,,,,,
37,,14759,,,,,,,,,0.29409259557724,,,,,,
37,,14769,,,,,,,,,0.31821203231811523,,,,,,
37,,14779,,,,,,,,,0.28137052059173584,,,,,,
37,,14789,,,,,,,,,0.2752159833908081,,,,,,
37,,14799,,,,,,,,,0.27384626865386963,,,,,,
37,,14809,,,,,,,,,0.27722424268722534,,,,,,
37,,14819,,,,,,,,,0.27896803617477417,,,,,,
37,,14829,,,,,,,,,0.27659520506858826,,,,,,
37,,14839,,,,,,,,,0.2795119881629944,,,,,,
37,,14849,,,,,,,,,0.29485249519348145,,,,,,
37,,14859,,,,,,,,,0.2973143756389618,,,,,,
37,,14869,,,,,,,,,0.27812114357948303,,,,,,
37,,14879,,,,,,,,,0.2780035436153412,,,,,,
37,,14889,,,,,,,,,0.2755279839038849,,,,,,
37,,14899,,,,,,,,,0.2745673656463623,,,,,,
37,,14909,,,,,,,,,0.2768000364303589,,,,,,
37,,14919,,,,,,,,,0.30719271302223206,,,,,,
37,,14929,,,,,,,,,0.2880514860153198,,,,,,
37,,14939,,,,,,,,,0.2757050395011902,,,,,,
37,,14949,,,,,,,,,0.27440664172172546,,,,,,
37,,14959,,,,,,,,,0.2764025926589966,,,,,,
37,,14969,,,,,,,,,0.28386062383651733,,,,,,
37,,14979,,,,,,,,,0.27459055185317993,,,,,,
37,,14989,,,,,,,,,0.2800079584121704,,,,,,
37,,14999,,,,,,,,,0.28158947825431824,,,,,,
37,,15009,,,,,,,,,0.27403008937835693,,,,,,
37,,15019,,,,,,,,,0.2800925374031067,,,,,,
37,,15029,,,,,,,,,0.28164488077163696,,,,,,
37,,15039,,,,,,,,,0.2755444049835205,,,,,,
37,,15047,,,,,,,,,,0.9648400545120239,0.9476495981216431,0.965033769607544,0.3442477583885193,0.9439080953598022,0.9522250890731812
37,,15047,,,,,,,0.9926834106445312,0.2843431532382965,,,,,,,
,6.87221653578916e-05,15048,,,,,,,,,,,,,,,
38,,15049,,,,,,,,,0.3295148015022278,,,,,,
38,,15059,,,,,,,,,0.2762283384799957,,,,,,
38,,15069,,,,,,,,,0.2835855782032013,,,,,,
38,,15079,,,,,,,,,0.2789984941482544,,,,,,
38,,15089,,,,,,,,,0.27662193775177,,,,,,
38,,15099,,,,,,,,,0.3103637099266052,,,,,,
38,,15109,,,,,,,,,0.27422064542770386,,,,,,
38,,15119,,,,,,,,,0.3021194338798523,,,,,,
38,,15129,,,,,,,,,0.28456851840019226,,,,,,
38,,15139,,,,,,,,,0.29486531019210815,,,,,,
38,,15149,,,,,,,,,0.27669328451156616,,,,,,
38,,15159,,,,,,,,,0.27407410740852356,,,,,,
38,,15169,,,,,,,,,0.2752111554145813,,,,,,
38,,15179,,,,,,,,,0.281791627407074,,,,,,
38,,15189,,,,,,,,,0.29984766244888306,,,,,,
38,,15199,,,,,,,,,0.29930776357650757,,,,,,
38,,15209,,,,,,,,,0.29283562302589417,,,,,,
38,,15219,,,,,,,,,0.2789132595062256,,,,,,
38,,15229,,,,,,,,,0.2988903820514679,,,,,,
38,,15239,,,,,,,,,0.2832109332084656,,,,,,
38,,15249,,,,,,,,,0.2871229946613312,,,,,,
38,,15259,,,,,,,,,0.2810524106025696,,,,,,
38,,15269,,,,,,,,,0.2809945344924927,,,,,,
38,,15279,,,,,,,,,0.281078040599823,,,,,,
38,,15289,,,,,,,,,0.27444204688072205,,,,,,
38,,15299,,,,,,,,,0.3234184682369232,,,,,,
38,,15309,,,,,,,,,0.2754192352294922,,,,,,
38,,15319,,,,,,,,,0.2750195860862732,,,,,,
38,,15329,,,,,,,,,0.27674487233161926,,,,,,
38,,15339,,,,,,,,,0.278310626745224,,,,,,
38,,15349,,,,,,,,,0.2761801481246948,,,,,,
38,,15359,,,,,,,,,0.27944302558898926,,,,,,
38,,15369,,,,,,,,,0.27842289209365845,,,,,,
38,,15379,,,,,,,,,0.2804470360279083,,,,,,
38,,15389,,,,,,,,,0.2856602370738983,,,,,,
38,,15399,,,,,,,,,0.28533515334129333,,,,,,
38,,15409,,,,,,,,,0.28493234515190125,,,,,,
38,,15419,,,,,,,,,0.2812228798866272,,,,,,
38,,15429,,,,,,,,,0.2744472324848175,,,,,,
38,,15439,,,,,,,,,0.281762957572937,,,,,,
38,,15443,,,,,,,,,,0.9654735326766968,0.945973813533783,0.9655316472053528,0.3500964939594269,0.9499202370643616,0.9427605867385864
38,,15443,,,,,,,0.9926438331604004,0.28432899713516235,,,,,,,
,6.726752705214197e-05,15444,,,,,,,,,,,,,,,
39,,15449,,,,,,,,,0.275545597076416,,,,,,
39,,15459,,,,,,,,,0.28323137760162354,,,,,,
39,,15469,,,,,,,,,0.27800434827804565,,,,,,
39,,15479,,,,,,,,,0.276322603225708,,,,,,
39,,15489,,,,,,,,,0.2930826246738434,,,,,,
39,,15499,,,,,,,,,0.27644944190979004,,,,,,
39,,15509,,,,,,,,,0.27988243103027344,,,,,,
39,,15519,,,,,,,,,0.2747657597064972,,,,,,
39,,15529,,,,,,,,,0.27668407559394836,,,,,,
39,,15539,,,,,,,,,0.2832774519920349,,,,,,
39,,15549,,,,,,,,,0.28719109296798706,,,,,,
39,,15559,,,,,,,,,0.2765647768974304,,,,,,
39,,15569,,,,,,,,,0.28104907274246216,,,,,,
39,,15579,,,,,,,,,0.2880345582962036,,,,,,
39,,15589,,,,,,,,,0.2761731743812561,,,,,,
39,,15599,,,,,,,,,0.29897621273994446,,,,,,
39,,15609,,,,,,,,,0.2940615117549896,,,,,,
39,,15619,,,,,,,,,0.2974555492401123,,,,,,
39,,15629,,,,,,,,,0.2750492990016937,,,,,,
39,,15639,,,,,,,,,0.2951444089412689,,,,,,
39,,15649,,,,,,,,,0.27352192997932434,,,,,,
39,,15659,,,,,,,,,0.3242764472961426,,,,,,
39,,15669,,,,,,,,,0.27959150075912476,,,,,,
39,,15679,,,,,,,,,0.27474987506866455,,,,,,
39,,15689,,,,,,,,,0.2743842601776123,,,,,,
39,,15699,,,,,,,,,0.29137441515922546,,,,,,
39,,15709,,,,,,,,,0.27631676197052,,,,,,
39,,15719,,,,,,,,,0.28558778762817383,,,,,,
39,,15729,,,,,,,,,0.2756926417350769,,,,,,
39,,15739,,,,,,,,,0.27516037225723267,,,,,,
39,,15749,,,,,,,,,0.2768779695034027,,,,,,
39,,15759,,,,,,,,,0.27619343996047974,,,,,,
39,,15769,,,,,,,,,0.27781879901885986,,,,,,
39,,15779,,,,,,,,,0.28133758902549744,,,,,,
39,,15789,,,,,,,,,0.2853931784629822,,,,,,
39,,15799,,,,,,,,,0.2790704667568207,,,,,,
39,,15809,,,,,,,,,0.30152231454849243,,,,,,
39,,15819,,,,,,,,,0.2787388563156128,,,,,,
39,,15829,,,,,,,,,0.28289949893951416,,,,,,
39,,15839,,,,,,,,,0.27516207098960876,,,,,,
39,,15839,,,,,,,,,,0.9623059630393982,0.951897144317627,0.9623796939849854,0.34760069847106934,0.9541707038879395,0.9503973126411438
39,,15839,,,,,,,0.9932370781898499,0.2847234308719635,,,,,,,
,6.579634122155994e-05,15840,,,,,,,,,,,,,,,
40,,15849,,,,,,,,,0.27543991804122925,,,,,,
40,,15859,,,,,,,,,0.27597594261169434,,,,,,
40,,15869,,,,,,,,,0.27663612365722656,,,,,,
40,,15879,,,,,,,,,0.2743212580680847,,,,,,
40,,15889,,,,,,,,,0.28045135736465454,,,,,,
40,,15899,,,,,,,,,0.2772742211818695,,,,,,
40,,15909,,,,,,,,,0.27368244528770447,,,,,,
40,,15919,,,,,,,,,0.2794705033302307,,,,,,
40,,15929,,,,,,,,,0.27936869859695435,,,,,,
40,,15939,,,,,,,,,0.2763538956642151,,,,,,
40,,15949,,,,,,,,,0.27649983763694763,,,,,,
40,,15959,,,,,,,,,0.2772476077079773,,,,,,
40,,15969,,,,,,,,,0.2742646336555481,,,,,,
40,,15979,,,,,,,,,0.2857692837715149,,,,,,
40,,15989,,,,,,,,,0.34082910418510437,,,,,,
40,,15999,,,,,,,,,0.2757936716079712,,,,,,
40,,16009,,,,,,,,,0.2751580774784088,,,,,,
40,,16019,,,,,,,,,0.27597522735595703,,,,,,
40,,16029,,,,,,,,,0.2920655608177185,,,,,,
40,,16039,,,,,,,,,0.27561700344085693,,,,,,
40,,16049,,,,,,,,,0.2785913348197937,,,,,,
40,,16059,,,,,,,,,0.28260600566864014,,,,,,
40,,16069,,,,,,,,,0.29246434569358826,,,,,,
40,,16079,,,,,,,,,0.28103429079055786,,,,,,
40,,16089,,,,,,,,,0.3362203538417816,,,,,,
40,,16099,,,,,,,,,0.27630144357681274,,,,,,
40,,16109,,,,,,,,,0.2756720781326294,,,,,,
40,,16119,,,,,,,,,0.30816030502319336,,,,,,
40,,16129,,,,,,,,,0.2886931896209717,,,,,,
40,,16139,,,,,,,,,0.27658891677856445,,,,,,
40,,16149,,,,,,,,,0.27663829922676086,,,,,,
40,,16159,,,,,,,,,0.28209879994392395,,,,,,
40,,16169,,,,,,,,,0.2747154235839844,,,,,,
40,,16179,,,,,,,,,0.29960620403289795,,,,,,
40,,16189,,,,,,,,,0.3040081858634949,,,,,,
40,,16199,,,,,,,,,0.27945002913475037,,,,,,
40,,16209,,,,,,,,,0.27391690015792847,,,,,,
40,,16219,,,,,,,,,0.27519479393959045,,,,,,
40,,16229,,,,,,,,,0.27458107471466064,,,,,,
40,,16235,,,,,,,,,,0.9638897776603699,0.9494040608406067,0.9640142321586609,0.34417980909347534,0.953779399394989,0.9465537071228027
40,,16235,,,,,,,0.994225800037384,0.2817831039428711,,,,,,,
,6.431005974894189e-05,16236,,,,,,,,,,,,,,,
41,,16239,,,,,,,,,0.2776886522769928,,,,,,
41,,16249,,,,,,,,,0.29195436835289,,,,,,
41,,16259,,,,,,,,,0.2754673659801483,,,,,,
41,,16269,,,,,,,,,0.28592589497566223,,,,,,
41,,16279,,,,,,,,,0.27337750792503357,,,,,,
41,,16289,,,,,,,,,0.2805747985839844,,,,,,
41,,16299,,,,,,,,,0.27442264556884766,,,,,,
41,,16309,,,,,,,,,0.2845134735107422,,,,,,
41,,16319,,,,,,,,,0.28374457359313965,,,,,,
41,,16329,,,,,,,,,0.28650346398353577,,,,,,
41,,16339,,,,,,,,,0.2739168703556061,,,,,,
41,,16349,,,,,,,,,0.28649455308914185,,,,,,
41,,16359,,,,,,,,,0.2805640697479248,,,,,,
41,,16369,,,,,,,,,0.28804856538772583,,,,,,
41,,16379,,,,,,,,,0.2741908133029938,,,,,,
41,,16389,,,,,,,,,0.27761971950531006,,,,,,
41,,16399,,,,,,,,,0.27847594022750854,,,,,,
41,,16409,,,,,,,,,0.2745307683944702,,,,,,
41,,16419,,,,,,,,,0.28269946575164795,,,,,,
41,,16429,,,,,,,,,0.3018330931663513,,,,,,
41,,16439,,,,,,,,,0.2762613296508789,,,,,,
41,,16449,,,,,,,,,0.2729557752609253,,,,,,
41,,16459,,,,,,,,,0.290407657623291,,,,,,
41,,16469,,,,,,,,,0.2839648127555847,,,,,,
41,,16479,,,,,,,,,0.27532097697257996,,,,,,
41,,16489,,,,,,,,,0.29696449637413025,,,,,,
41,,16499,,,,,,,,,0.34546929597854614,,,,,,
41,,16509,,,,,,,,,0.2880367934703827,,,,,,
41,,16519,,,,,,,,,0.2763521671295166,,,,,,
41,,16529,,,,,,,,,0.2793920636177063,,,,,,
41,,16539,,,,,,,,,0.277818500995636,,,,,,
41,,16549,,,,,,,,,0.27580052614212036,,,,,,
41,,16559,,,,,,,,,0.27532315254211426,,,,,,
41,,16569,,,,,,,,,0.2788218855857849,,,,,,
41,,16579,,,,,,,,,0.2964738607406616,,,,,,
41,,16589,,,,,,,,,0.27963194251060486,,,,,,
41,,16599,,,,,,,,,0.2765927016735077,,,,,,
41,,16609,,,,,,,,,0.2760281264781952,,,,,,
41,,16619,,,,,,,,,0.27755969762802124,,,,,,
41,,16629,,,,,,,,,0.2764062285423279,,,,,,
41,,16631,,,,,,,,,,0.9645232558250427,0.9521602988243103,0.9645850658416748,0.34602341055870056,0.9618422985076904,0.9439241886138916
41,,16631,,,,,,,0.9944235682487488,0.28210535645484924,,,,,,,
,6.281014941466034e-05,16632,,,,,,,,,,,,,,,
42,,16639,,,,,,,,,0.27667126059532166,,,,,,
42,,16649,,,,,,,,,0.3133957087993622,,,,,,
42,,16659,,,,,,,,,0.27298152446746826,,,,,,
42,,16669,,,,,,,,,0.27646681666374207,,,,,,
42,,16679,,,,,,,,,0.2735367715358734,,,,,,
42,,16689,,,,,,,,,0.2747143507003784,,,,,,
42,,16699,,,,,,,,,0.27682220935821533,,,,,,
42,,16709,,,,,,,,,0.27561014890670776,,,,,,
42,,16719,,,,,,,,,0.2758081555366516,,,,,,
42,,16729,,,,,,,,,0.27444884181022644,,,,,,
42,,16739,,,,,,,,,0.27744415402412415,,,,,,
42,,16749,,,,,,,,,0.35553061962127686,,,,,,
42,,16759,,,,,,,,,0.27510127425193787,,,,,,
42,,16769,,,,,,,,,0.29039525985717773,,,,,,
42,,16779,,,,,,,,,0.3020493984222412,,,,,,
42,,16789,,,,,,,,,0.27538782358169556,,,,,,
42,,16799,,,,,,,,,0.2923632264137268,,,,,,
42,,16809,,,,,,,,,0.27709871530532837,,,,,,
42,,16819,,,,,,,,,0.27526187896728516,,,,,,
42,,16829,,,,,,,,,0.2772740423679352,,,,,,
42,,16839,,,,,,,,,0.29716038703918457,,,,,,
42,,16849,,,,,,,,,0.28937816619873047,,,,,,
42,,16859,,,,,,,,,0.2743978798389435,,,,,,
42,,16869,,,,,,,,,0.278732031583786,,,,,,
42,,16879,,,,,,,,,0.275797963142395,,,,,,
42,,16889,,,,,,,,,0.2765679657459259,,,,,,
42,,16899,,,,,,,,,0.3052865266799927,,,,,,
42,,16909,,,,,,,,,0.28036028146743774,,,,,,
42,,16919,,,,,,,,,0.27529507875442505,,,,,,
42,,16929,,,,,,,,,0.2765620946884155,,,,,,
42,,16939,,,,,,,,,0.28995585441589355,,,,,,
42,,16949,,,,,,,,,0.27604469656944275,,,,,,
42,,16959,,,,,,,,,0.2768298387527466,,,,,,
42,,16969,,,,,,,,,0.2744430899620056,,,,,,
42,,16979,,,,,,,,,0.27512288093566895,,,,,,
42,,16989,,,,,,,,,0.28371602296829224,,,,,,
42,,16999,,,,,,,,,0.2887679934501648,,,,,,
42,,17009,,,,,,,,,0.2995588183403015,,,,,,
42,,17019,,,,,,,,,0.2740740180015564,,,,,,
42,,17027,,,,,,,,,,0.9651567935943604,0.9507903456687927,0.9652078747749329,0.34304600954055786,0.9494218826293945,0.9526087641716003
42,,17027,,,,,,,0.9944235682487488,0.2820590138435364,,,,,,,
,6.12980904491289e-05,17028,,,,,,,,,,,,,,,
43,,17029,,,,,,,,,0.2926495671272278,,,,,,
43,,17039,,,,,,,,,0.2882896661758423,,,,,,
43,,17049,,,,,,,,,0.2757733166217804,,,,,,
43,,17059,,,,,,,,,0.2824971079826355,,,,,,
43,,17069,,,,,,,,,0.2764202654361725,,,,,,
43,,17079,,,,,,,,,0.27561622858047485,,,,,,
43,,17089,,,,,,,,,0.2798863351345062,,,,,,
43,,17099,,,,,,,,,0.27971792221069336,,,,,,
43,,17109,,,,,,,,,0.27644115686416626,,,,,,
43,,17119,,,,,,,,,0.2770896852016449,,,,,,
43,,17129,,,,,,,,,0.27511364221572876,,,,,,
43,,17139,,,,,,,,,0.2741539180278778,,,,,,
43,,17149,,,,,,,,,0.2736203968524933,,,,,,
43,,17159,,,,,,,,,0.2765094041824341,,,,,,
43,,17169,,,,,,,,,0.2759197950363159,,,,,,
43,,17179,,,,,,,,,0.2895151674747467,,,,,,
43,,17189,,,,,,,,,0.28383898735046387,,,,,,
43,,17199,,,,,,,,,0.2763770520687103,,,,,,
43,,17209,,,,,,,,,0.27730846405029297,,,,,,
43,,17219,,,,,,,,,0.2779614329338074,,,,,,
43,,17229,,,,,,,,,0.27642953395843506,,,,,,
43,,17239,,,,,,,,,0.2943761646747589,,,,,,
43,,17249,,,,,,,,,0.2970542311668396,,,,,,
43,,17259,,,,,,,,,0.27751222252845764,,,,,,
43,,17269,,,,,,,,,0.27673545479774475,,,,,,
43,,17279,,,,,,,,,0.27710843086242676,,,,,,
43,,17289,,,,,,,,,0.2799914479255676,,,,,,
43,,17299,,,,,,,,,0.2882672846317291,,,,,,
43,,17309,,,,,,,,,0.3086298704147339,,,,,,
43,,17319,,,,,,,,,0.27696141600608826,,,,,,
43,,17329,,,,,,,,,0.27450087666511536,,,,,,
43,,17339,,,,,,,,,0.27435511350631714,,,,,,
43,,17349,,,,,,,,,0.3361416161060333,,,,,,
43,,17359,,,,,,,,,0.29096800088882446,,,,,,
43,,17369,,,,,,,,,0.2748889923095703,,,,,,
43,,17379,,,,,,,,,0.28232336044311523,,,,,,
43,,17389,,,,,,,,,0.30211934447288513,,,,,,
43,,17399,,,,,,,,,0.27425557374954224,,,,,,
43,,17409,,,,,,,,,0.27406829595565796,,,,,,
43,,17419,,,,,,,,,0.275909423828125,,,,,,
43,,17423,,,,,,,,,,0.9613557457923889,0.9468358755111694,0.9615482091903687,0.3483186960220337,0.9530656337738037,0.9419693350791931
43,,17423,,,,,,,0.9943444728851318,0.28348687291145325,,,,,,,
,5.977537507199341e-05,17424,,,,,,,,,,,,,,,
44,,17429,,,,,,,,,0.27746087312698364,,,,,,
44,,17439,,,,,,,,,0.27813977003097534,,,,,,
44,,17449,,,,,,,,,0.27773183584213257,,,,,,
44,,17459,,,,,,,,,0.27476954460144043,,,,,,
44,,17469,,,,,,,,,0.2755347490310669,,,,,,
44,,17479,,,,,,,,,0.39501670002937317,,,,,,
44,,17489,,,,,,,,,0.2759048342704773,,,,,,
44,,17499,,,,,,,,,0.28829801082611084,,,,,,
44,,17509,,,,,,,,,0.27881696820259094,,,,,,
44,,17519,,,,,,,,,0.28756633400917053,,,,,,
44,,17529,,,,,,,,,0.2757437825202942,,,,,,
44,,17539,,,,,,,,,0.2745888829231262,,,,,,
44,,17549,,,,,,,,,0.3049662411212921,,,,,,
44,,17559,,,,,,,,,0.2771603465080261,,,,,,
44,,17569,,,,,,,,,0.3206977844238281,,,,,,
44,,17579,,,,,,,,,0.27674221992492676,,,,,,
44,,17589,,,,,,,,,0.2742959260940552,,,,,,
44,,17599,,,,,,,,,0.2786080241203308,,,,,,
44,,17609,,,,,,,,,0.2832203507423401,,,,,,
44,,17619,,,,,,,,,0.2753737270832062,,,,,,
44,,17629,,,,,,,,,0.27511507272720337,,,,,,
44,,17639,,,,,,,,,0.2789051830768585,,,,,,
44,,17649,,,,,,,,,0.27514803409576416,,,,,,
44,,17659,,,,,,,,,0.29095062613487244,,,,,,
44,,17669,,,,,,,,,0.28023040294647217,,,,,,
44,,17679,,,,,,,,,0.2763569951057434,,,,,,
44,,17689,,,,,,,,,0.2770243287086487,,,,,,
44,,17699,,,,,,,,,0.2862393856048584,,,,,,
44,,17709,,,,,,,,,0.28768622875213623,,,,,,
44,,17719,,,,,,,,,0.27805620431900024,,,,,,
44,,17729,,,,,,,,,0.27523481845855713,,,,,,
44,,17739,,,,,,,,,0.2825358510017395,,,,,,
44,,17749,,,,,,,,,0.2746606469154358,,,,,,
44,,17759,,,,,,,,,0.27422380447387695,,,,,,
44,,17769,,,,,,,,,0.2739933729171753,,,,,,
44,,17779,,,,,,,,,0.2731848359107971,,,,,,
44,,17789,,,,,,,,,0.29024744033813477,,,,,,
44,,17799,,,,,,,,,0.2926141023635864,,,,,,
44,,17809,,,,,,,,,0.290912926197052,,,,,,
44,,17819,,,,,,,,,0.27446475625038147,,,,,,
44,,17819,,,,,,,,,,0.9683243632316589,0.9507412910461426,0.9683770537376404,0.3399796485900879,0.9513827562332153,0.9507415890693665
44,,17819,,,,,,,0.9950959086418152,0.2809949219226837,,,,,,,
45,,17820,0.958044171333313,0.9509128332138062,0.9582866430282593,0.3547770380973816,0.9527037143707275,0.9495202898979187,,,,,,,,,
